rank_test_macro_f1,param_max_depth,param_min_samples_leaf,mean_test_macro_f1,std_test_macro_f1,mean_test_f1_b,std_test_f1_b,mean_test_recall_b,std_test_recall_b,mean_test_accuracy,std_test_accuracy,mean_test_roc_auc,std_test_roc_auc,mean_train_macro_f1,std_train_macro_f1
1,8,1,0.8941211503851874,0.03634374431544625,0.8634478105481145,0.047217390663141394,0.8572307692307692,0.06473541964190097,0.9030985915492957,0.03316066296311622,0.9012752136752138,0.03405194383732017,0.9624488871781967,0.015082443734394371
2,8,3,0.8918696397768551,0.03579649656184381,0.861993265093569,0.04679522376368166,0.8726153846153846,0.06925743076361071,0.9002816901408449,0.032581311930886335,0.9078256410256411,0.05232581150901252,0.9595668516440119,0.011268334346426672
2,,3,0.8918696397768551,0.03579649656184381,0.861993265093569,0.04679522376368166,0.8726153846153846,0.06925743076361071,0.9002816901408449,0.032581311930886335,0.9078256410256411,0.05232581150901252,0.9595668516440119,0.011268334346426672
4,5,3,0.891187995203585,0.04020789885566682,0.8598182972043155,0.05143010902753342,0.8492307692307692,0.052937386258723865,0.9003219315895372,0.0371345070846354,0.9090324786324787,0.05352424913146658,0.9514467963543503,0.007487912799669672
5,,1,0.8909370135262321,0.0328150005919862,0.859224582795475,0.04239304124316291,0.8492307692307692,0.052937386258723865,0.9002414486921528,0.030084728810789572,0.889097435897436,0.048611778629774026,0.9617041644852611,0.012330820462876925
6,5,2,0.8903151310525723,0.04398189132136319,0.8573403829616953,0.05656649644814395,0.8335384615384616,0.058025907292861556,0.9002816901408451,0.040410029182942786,0.9024547008547008,0.05857939996097737,0.9544848861927575,0.009688120655683757
7,5,1,0.8896936755532409,0.047835919418386746,0.8557314230039843,0.062447102451669005,0.8255384615384616,0.06927929922982154,0.9002414486921528,0.04341293291581953,0.9107008547008547,0.042292646206521255,0.951134202093758,0.01129445725873674
8,7,3,0.8886855029178999,0.031984487540915534,0.8577700373409295,0.0417755332514094,0.8646153846153846,0.06045194678273386,0.8974245472837021,0.02917030420009739,0.908803418803419,0.05323799499727863,0.9556602325521446,0.004768659456328561
9,6,1,0.8876032411078597,0.037603801947811245,0.8545488663550527,0.048646889464732945,0.8412307692307692,0.05662207318350003,0.89738430583501,0.034409615441606096,0.8840307692307693,0.059331847893409104,0.9585991921095705,0.009869666972873305
10,8,2,0.8851860928278267,0.03972159105974283,0.8526377923893451,0.05280243995679473,0.8569230769230769,0.07868745755411953,0.8946076458752514,0.03561411406028882,0.8946564102564103,0.0365461220139851,0.9656992798158048,0.014411544240011533
11,7,1,0.8847071823499084,0.03650999532388686,0.8510978859628958,0.04731272757861668,0.8412307692307692,0.05662207318350003,0.8945674044265592,0.03337275527836776,0.8775247863247863,0.055911101494811107,0.9617041644852611,0.012330820462876925
12,,2,0.8820019559688717,0.03573318369656431,0.8484145646367056,0.047586545291819715,0.8489230769230769,0.06927109936402477,0.8917505030181087,0.03202041177434573,0.8959897435897437,0.03823903976914454,0.9641467936279596,0.012610905576777633
13,6,2,0.8786681835504991,0.03942723902694642,0.8437388481962833,0.052275616135129384,0.8409230769230769,0.07209198594760602,0.8888933601609658,0.03543610881365442,0.8905675213675213,0.051577211439395615,0.961041821252269,0.010934565577031135
13,7,2,0.8786681835504991,0.03942723902694642,0.8437388481962833,0.052275616135129384,0.8409230769230769,0.07209198594760602,0.8888933601609658,0.03543610881365442,0.8880786324786325,0.04849100368954526,0.9641467936279596,0.012610905576777633
15,6,3,0.8783559924631291,0.040621037803531004,0.8430039366173819,0.05562086867527037,0.8409230769230769,0.0843638218543341,0.8888933601609658,0.03543610881365442,0.906782905982906,0.04062103963624478,0.9555928156081299,0.009767734107509456
16,5,8,0.8733875401989696,0.02953034978699155,0.8381657870695449,0.03725811227428172,0.8412307692307692,0.035861667161436205,0.8832193158953722,0.027560721600498352,0.9093367521367522,0.0386845430878195,0.9338320989234656,0.016282571282094437
16,6,8,0.8733875401989696,0.02953034978699155,0.8381657870695449,0.03725811227428172,0.8412307692307692,0.035861667161436205,0.8832193158953722,0.027560721600498352,0.9038256410256411,0.046862301057759424,0.9338742897293326,0.016324304791134975
16,7,8,0.8733875401989696,0.02953034978699155,0.8381657870695449,0.03725811227428172,0.8412307692307692,0.035861667161436205,0.8832193158953722,0.027560721600498352,0.9038256410256411,0.046862301057759424,0.9338742897293326,0.016324304791134975
16,8,8,0.8733875401989696,0.02953034978699155,0.8381657870695449,0.03725811227428172,0.8412307692307692,0.035861667161436205,0.8832193158953722,0.027560721600498352,0.9038256410256411,0.046862301057759424,0.9338742897293326,0.016324304791134975
16,,8,0.8733875401989696,0.02953034978699155,0.8381657870695449,0.03725811227428172,0.8412307692307692,0.035861667161436205,0.8832193158953722,0.027560721600498352,0.9038256410256411,0.046862301057759424,0.9338742897293326,0.016324304791134975
21,3,3,0.8701345216425374,0.05762996268098897,0.8300880503144654,0.08525319602489495,0.8329230769230769,0.13981424701595702,0.883138832997988,0.04564476676228081,0.911220512820513,0.03541724182281689,0.9163856938094724,0.005086418851316116
22,3,1,0.8697010629301248,0.05768733180921269,0.82875619681835,0.08529322787544732,0.8249230769230769,0.13802460976002892,0.883138832997988,0.04564476676228081,0.9085538461538463,0.038225472087883856,0.9170514637916846,0.00525571026028612
22,3,2,0.8697010629301248,0.05768733180921269,0.82875619681835,0.08529322787544732,0.8249230769230769,0.13802460976002892,0.883138832997988,0.04564476676228081,0.9085538461538463,0.038225472087883856,0.9170514637916846,0.00525571026028612
24,7,5,0.8684767175785483,0.030852171128225258,0.8294485144485145,0.04307511087949048,0.8169230769230769,0.07060851315654161,0.8803219315895372,0.026573193151859607,0.8954051282051283,0.03245328457556892,0.9516037502812369,0.01065636205689469
25,5,5,0.8671322163430599,0.04966493838558121,0.8258959512248548,0.07113771705234065,0.8092307692307692,0.10592841168622734,0.8803219315895372,0.04105759894368803,0.9149880341880342,0.03516805675108594,0.9438052114993709,0.0042066544002944935
26,3,8,0.8661590803996619,0.05484105828475683,0.8235113122171945,0.08131938591315002,0.8089230769230769,0.12550829200075483,0.8802414486921529,0.04314727837088998,0.9048717948717948,0.03505712108291625,0.9085010323569858,0.006683769944194552
26,3,10,0.8661590803996619,0.05484105828475683,0.8235113122171945,0.08131938591315002,0.8089230769230769,0.12550829200075483,0.8802414486921529,0.04314727837088998,0.9046940170940172,0.03524764041147529,0.9066964878616144,0.00448668337225435
28,4,8,0.8655435505529672,0.025395448362843517,0.82562247409218,0.03339351873665123,0.8092307692307692,0.047548169285124564,0.8775050301810865,0.0231335485173731,0.9053367521367521,0.04008913204711882,0.9258511251302461,0.011835114861384558
29,6,5,0.864188641399485,0.047540267885735905,0.8224641237930275,0.06863881444995223,0.8089230769230769,0.10617123603380883,0.8774647887323944,0.03904229416903359,0.8946051282051283,0.03370414757686967,0.9516037502812369,0.01065636205689469
30,3,5,0.8637249516080658,0.052856614589058416,0.8215049944506104,0.07915491023775222,0.8169230769230769,0.1284739745247165,0.8774245472837021,0.041168280435117874,0.9076649572649572,0.030281779117829567,0.9132383522966293,0.007119011336139984
31,4,3,0.8616148022717105,0.05093507440081587,0.8150269954592424,0.07133229217286186,0.7618461538461538,0.08771335779739979,0.8774647887323944,0.043021289453318935,0.9129777777777777,0.03304276316428251,0.9300052528319547,0.010655107488251808
32,4,1,0.860919481643063,0.051419973301297855,0.8131164440046181,0.0724837530800852,0.7538461538461538,0.08932620890664249,0.8774647887323944,0.043021289453318935,0.9043042735042734,0.03871673196707015,0.9322085923507079,0.008126656117401015
32,4,2,0.860919481643063,0.051419973301297855,0.8131164440046181,0.0724837530800852,0.7538461538461538,0.08932620890664249,0.8774647887323944,0.043021289453318935,0.9043042735042734,0.03871673196707015,0.9322085923507079,0.008126656117401015
34,8,5,0.8608654893962088,0.043855384656793846,0.8178722870583336,0.06404923675574484,0.8009230769230768,0.10193674799460682,0.8746076458752515,0.035565655529857805,0.8941606837606837,0.03324898660023024,0.9516037502812369,0.01065636205689469
34,,5,0.8608654893962088,0.043855384656793846,0.8178722870583336,0.06404923675574484,0.8009230769230768,0.10193674799460682,0.8746076458752515,0.035565655529857805,0.8941606837606837,0.03324898660023024,0.9516037502812369,0.01065636205689469
36,4,5,0.8599474434336842,0.031023876165183803,0.814857914180165,0.041313969048554854,0.7698461538461538,0.05291592080419853,0.8746076458752515,0.027840975825232078,0.9078222222222223,0.028590734923341667,0.9301896392229085,0.0108104315324992
37,4,10,0.8400091581676051,0.04695687430921279,0.7876759633476959,0.06949780003242512,0.7535384615384615,0.10626927948995235,0.8575452716297788,0.03726127818148422,0.9028923076923079,0.03896495673064032,0.9169422641667412,0.009228000677851091
38,5,10,0.8336260285608112,0.047590344791971405,0.7792051282051282,0.07020578374326376,0.7455384615384615,0.10698492953649588,0.8518309859154931,0.03797343105728478,0.909025641025641,0.03220054043937187,0.9154316612353499,0.007402815557776036
38,6,10,0.8336260285608112,0.047590344791971405,0.7792051282051282,0.07020578374326376,0.7455384615384615,0.10698492953649588,0.8518309859154931,0.03797343105728478,0.909025641025641,0.03220054043937187,0.9154316612353499,0.007402815557776036
38,7,10,0.8336260285608112,0.047590344791971405,0.7792051282051282,0.07020578374326376,0.7455384615384615,0.10698492953649588,0.8518309859154931,0.03797343105728478,0.909025641025641,0.03220054043937187,0.9154316612353499,0.007402815557776036
38,8,10,0.8336260285608112,0.047590344791971405,0.7792051282051282,0.07020578374326376,0.7455384615384615,0.10698492953649588,0.8518309859154931,0.03797343105728478,0.909025641025641,0.03220054043937187,0.9154316612353499,0.007402815557776036
38,,10,0.8336260285608112,0.047590344791971405,0.7792051282051282,0.07020578374326376,0.7455384615384615,0.10698492953649588,0.8518309859154931,0.03797343105728478,0.909025641025641,0.03220054043937187,0.9154316612353499,0.007402815557776036
