rank_test_macro_f1,param_n_estimators,param_criterion,param_max_depth,param_min_samples_split,param_min_samples_leaf,param_max_features,param_bootstrap,param_max_samples,param_max_leaf_nodes,param_min_impurity_decrease,param_ccp_alpha,param_class_weight,mean_test_macro_f1,std_test_macro_f1,mean_test_f1_g,std_test_f1_g,mean_test_f1_b,std_test_f1_b,mean_test_recall_b,std_test_recall_b,mean_test_accuracy,std_test_accuracy,mean_test_roc_auc,std_test_roc_auc,mean_train_macro_f1,std_train_macro_f1
1,300,log_loss,,8,4,0.3,True,1.0,16,0.0,0.001,,0.9396659985948365,0.023471105075876277,0.9589527816736793,0.01595744518865753,0.9203792155159938,0.03099607250296756,0.8729230769230769,0.0302353686068634,0.9458350100603623,0.021062621812731656,0.9749743589743589,0.014060686851966684,0.9796683315678655,0.006759368805848886
1,200,entropy,10,4,2,0.3,True,1.0,32,0.01,0.01,,0.9396659985948365,0.023471105075876277,0.9589527816736793,0.01595744518865753,0.9203792155159938,0.03099607250296756,0.8729230769230769,0.0302353686068634,0.9458350100603623,0.021062621812731656,0.9732102564102565,0.015693545563152965,0.996123951567974,0.0024546998202382734
3,100,log_loss,16,20,2,0.5,True,,32,0.005,0.001,,0.9336630838088249,0.03357107899906342,0.9544118529556147,0.023457141053117216,0.9129143146620349,0.04370070851151469,0.8732307692307693,0.04586163909879805,0.9401609657947686,0.03052270776631453,0.972505982905983,0.014838463876937899,0.9662856077623188,0.003936697111822698
4,500,entropy,10,4,4,sqrt,True,0.6,32,0.01,0.001,balanced_subsample,0.9335368817874201,0.025570206668011648,0.9544056180557627,0.017481301696566327,0.9126681455190772,0.033787459759852874,0.8729230769230769,0.03942305816134637,0.9401207243460764,0.022948777690754825,0.9726495726495725,0.016327827165663715,0.967322175752604,0.005275905315949333
5,100,log_loss,10,2,2,,True,0.8,64,0.005,0.01,,0.9332583659549858,0.03392582256917869,0.9546893737696758,0.023230378600055782,0.9118273581402958,0.0446866898025275,0.8652307692307692,0.053767855160129906,0.9401609657947686,0.03052270776631453,0.9681777777777778,0.01736088977636685,0.987520636990574,0.006729900375062133
6,200,log_loss,6,4,1,0.5,True,0.6,32,0.01,0.001,,0.9330137865178598,0.025767140517805237,0.9548804870042673,0.01716184271192697,0.9111470860314522,0.03440589543832787,0.8572307692307692,0.04038161160990257,0.9401609657947686,0.0228795197519903,0.9721641025641026,0.013705068266667793,0.9685458112156731,0.0071018729079234955
7,200,log_loss,3,20,4,sqrt,False,,16,0.001,0.005,balanced,0.9327566639450113,0.031853068731723104,0.9549686277404591,0.020480741276907428,0.9105447001495633,0.04328987989764967,0.8569230769230769,0.0546965810296344,0.9401207243460765,0.027776687287784325,0.9635965811965812,0.015989760767814373,0.9493045293987178,0.005164992595883439
8,500,log_loss,,12,2,sqrt,False,,,0.001,0.01,balanced,0.9313090381977991,0.0313926932156119,0.9514286087918625,0.023701664019766564,0.9111894676037355,0.039217820084219986,0.8886153846153846,0.03060881259186683,0.9372635814889335,0.029499040556651673,0.9785230769230768,0.014323054787950013,0.9969186238863165,0.0028801789731469634
9,100,gini,4,4,1,0.3,True,0.8,32,0.001,0.01,balanced_subsample,0.9310535343041506,0.035116012581000694,0.9516377319374625,0.024937483948023427,0.9104693366708385,0.04534479235811233,0.8886153846153846,0.04708396126372573,0.9372233400402414,0.0321576766232843,0.9689435897435897,0.016460970071219595,0.9538295331375555,0.010807043137856387
10,200,gini,,4,2,0.3,True,,64,0.0,0.001,balanced_subsample,0.9308937198067634,0.036419755271863155,0.9517874396135266,0.025953136818935296,0.9099999999999999,0.046916000587338136,0.8806153846153846,0.036479385440686636,0.9372233400402414,0.03340282651017649,0.9725128205128206,0.015570898791691355,0.9984509585038795,0.001897180627946304
11,100,log_loss,8,12,2,0.3,True,,32,0.001,0.01,,0.9307992781806306,0.03187303560909191,0.9519744428860838,0.023078141810597162,0.9096241134751774,0.04071532066871242,0.8729230769230769,0.0302353686068634,0.9373038229376258,0.02944909797396844,0.9710837606837608,0.013825776289209587,0.9781632657028787,0.004660764430755818
12,500,entropy,6,12,4,log2,True,0.8,16,0.005,0.01,balanced,0.9306377708462248,0.025569709116649207,0.9521235660085591,0.017889722224248394,0.9091519756838906,0.03328434879105772,0.8729230769230769,0.0302353686068634,0.9373038229376258,0.023253360170854723,0.9721299145299145,0.01548283027929716,0.9649235803020547,0.007061010321274421
13,300,entropy,5,12,1,log2,True,0.6,64,0.005,0.005,balanced_subsample,0.9305194540805513,0.025919190921988713,0.9521122592406648,0.01780246718251983,0.9089266489204378,0.03417113866507249,0.8729230769230769,0.03942305816134637,0.9372635814889335,0.023316577397167065,0.9716034188034188,0.014592510315027306,0.9561057164449445,0.008007169980279807
14,200,log_loss,16,2,2,0.3,False,,64,0.001,0.01,balanced_subsample,0.9304622215241117,0.029048696826197557,0.9522618290664605,0.020492680135972042,0.9086626139817628,0.03761746970752439,0.8652307692307692,0.03116058806442381,0.9373038229376258,0.026532698041434506,0.9778051282051281,0.016041824216319774,1.0,0.0
15,200,log_loss,16,2,12,log2,True,,16,0.01,0.001,,0.9302255264760646,0.029591374151122583,0.9523543360044806,0.020220715617486663,0.9080967169476486,0.03903670658958519,0.8649230769230769,0.04119401346751892,0.9372635814889335,0.026588119294913108,0.9641162393162392,0.0229547494660191,0.9504075332807865,0.004056153210934882
15,500,gini,6,20,8,sqrt,True,,16,0.001,0.005,,0.9302255264760646,0.029591374151122583,0.9523543360044806,0.020220715617486663,0.9080967169476486,0.03903670658958519,0.8649230769230769,0.04119401346751892,0.9372635814889335,0.026588119294913108,0.9666256410256411,0.01840551677358001,0.9503630951390447,0.005317342025379982
17,100,log_loss,5,4,8,log2,False,,8,0.01,0.005,,0.93019889444979,0.027829336348480248,0.952352794768718,0.019016368660709604,0.9080449941308624,0.03674635042194297,0.8646153846153846,0.041646582930925866,0.9372635814889337,0.025005907993498395,0.9712547008547009,0.014758185170025098,0.9573423784623436,0.0058335346068641965
18,200,gini,5,4,12,log2,True,,64,0.001,0.01,,0.930187767566219,0.02984630620412595,0.9524076671341748,0.019985414283675042,0.9079678679982631,0.039715009505340605,0.8649230769230769,0.04119401346751892,0.9372635814889335,0.026588119294913105,0.962523076923077,0.02310132195452159,0.9440107462255106,0.002814097063136734
19,300,log_loss,10,2,1,0.7,True,,32,0.001,0.01,balanced_subsample,0.9301758611581953,0.029568359886036195,0.9524427315230335,0.020140092201657127,0.907908990793357,0.03908020490934378,0.8652307692307692,0.053767855160129906,0.9373038229376258,0.026532698041434506,0.9733675213675215,0.015174481349080835,1.0,0.0
20,300,entropy,12,20,12,sqrt,True,1.0,,0.01,0.0,,0.9296842896997386,0.030567963211794395,0.9527245884697718,0.01955187980373209,0.9066439909297053,0.04165285685966521,0.8569230769230769,0.0546965810296344,0.9372635814889335,0.026588119294913105,0.9648273504273505,0.020763397161812774,0.951034389834826,0.003960449347975657
20,300,log_loss,12,2,12,sqrt,True,1.0,,0.005,0.0,,0.9296842896997386,0.030567963211794395,0.9527245884697718,0.01955187980373209,0.9066439909297053,0.04165285685966521,0.8569230769230769,0.0546965810296344,0.9372635814889335,0.026588119294913105,0.9650051282051283,0.020967648185624382,0.9502220398846635,0.003938084516958552
22,100,entropy,6,4,4,0.3,True,0.6,8,0.001,0.001,balanced_subsample,0.9281830048189482,0.039808432102063626,0.9491907906141167,0.029054444056093188,0.9071752190237797,0.05063421382127759,0.8886153846153846,0.04708396126372573,0.9343661971830987,0.036893179319806395,0.970523076923077,0.016694439625606877,0.9585230239447936,0.007446166235877311
23,200,log_loss,,2,1,sqrt,False,,16,0.005,0.01,balanced,0.9280251442992323,0.037165032195247735,0.9493857078725572,0.02741251730963433,0.9066645807259075,0.046994611152416245,0.8806153846153846,0.036479385440686636,0.9344064386317907,0.03460366829418564,0.9772786324786324,0.015896716829615846,0.9984543168824679,0.0018930749183543824
24,200,log_loss,16,2,2,sqrt,True,1.0,16,0.0,0.0,balanced,0.9280077063819737,0.0250164577358396,0.9494844854994249,0.018435927886918873,0.9065309272645228,0.03169336773482761,0.8809230769230769,0.025365493963723035,0.9344466800804829,0.023273129651532207,0.9797606837606839,0.013223867985245418,0.9984509585038795,0.001897180627946304
25,100,gini,8,20,2,0.3,True,1.0,64,0.005,0.0,,0.9278868837753432,0.02602759792770781,0.9495412745534877,0.017626443932553415,0.9062324929971988,0.034456628062137125,0.8886153846153846,0.04708396126372573,0.9344064386317907,0.02333136590352638,0.9679863247863247,0.016169871849931836,0.9567396364491152,0.005053354318739255
26,500,log_loss,8,2,2,sqrt,False,,32,0.001,0.005,,0.9277269039353578,0.030391530777621044,0.9497304036153966,0.021953991282775198,0.9057234042553193,0.03887804313900063,0.8729230769230769,0.0302353686068634,0.9344466800804827,0.02804525847555522,0.9794393162393163,0.01171666578599774,0.9945613643700277,0.0019180560198318335
27,100,entropy,8,4,4,0.5,True,0.8,64,0.01,0.001,balanced,0.9277233248525485,0.04571963341273067,0.9496204894537623,0.0328719479559581,0.9058261602513346,0.05868468942014977,0.8729230769230769,0.05323699385570994,0.9344064386317907,0.04205760847745151,0.9707213675213676,0.01658896425687227,0.9726556528397234,0.005068949621709824
28,200,entropy,6,8,1,0.5,True,0.6,8,0.001,0.0,balanced,0.9276547746928786,0.038173012301920585,0.9496274467574718,0.026567090555748504,0.9056821026282853,0.0498740480116451,0.8806153846153846,0.05701530989243307,0.9343661971830987,0.03460984504734082,0.9699965811965813,0.015889362530468697,0.9631901727597141,0.0059980711367381805
29,500,entropy,5,8,4,log2,False,,32,0.01,0.001,balanced_subsample,0.9276274683195623,0.028789278300383775,0.9497288623796338,0.020849810119136437,0.905526074259491,0.036795702828435285,0.8726153846153846,0.030928816918471574,0.9344064386317907,0.02660108909512321,0.9744547008547009,0.013630326331182035,0.9724976993261301,0.007680202879044189
30,100,entropy,3,8,1,log2,True,,,0.001,0.01,balanced_subsample,0.9273944855910792,0.03136114833183843,0.9499231950844855,0.02125255704869975,0.904865776097673,0.04152211646106735,0.8726153846153846,0.0472926179860698,0.9344064386317908,0.028093604149484037,0.9602529914529914,0.026965856989952512,0.9510072220315259,0.007446122685910679
31,200,entropy,16,2,2,sqrt,True,,,0.001,0.005,balanced_subsample,0.9273695653813526,0.02122210715249305,0.9500197791922897,0.01509209090428985,0.9047193515704153,0.027394078865139768,0.8649230769230769,0.02041927387450716,0.9344466800804829,0.019451818877795957,0.9790564102564103,0.01312659534289922,1.0,0.0
31,200,gini,8,8,4,sqrt,True,1.0,32,0.0,0.01,,0.9273695653813526,0.02122210715249305,0.9500197791922897,0.01509209090428985,0.9047193515704153,0.027394078865139768,0.8649230769230769,0.02041927387450716,0.9344466800804829,0.019451818877795957,0.9735794871794872,0.014133887410109264,0.9582265478118824,0.004137101317511407
33,100,log_loss,16,12,4,log2,True,,64,0.01,0.0,,0.9272691056667959,0.019168260635867247,0.9500577919688062,0.013182310347151598,0.9044804193647857,0.025345481937928273,0.8649230769230769,0.032510717395377926,0.9344466800804829,0.017226160471601196,0.9762188034188034,0.014068292571228267,0.9717742877683969,0.0047931974215095225
34,300,entropy,5,4,1,,True,0.8,32,0.0,0.01,,0.9270634619128397,0.03261674195754493,0.9502515438864698,0.022503141125480172,0.9038753799392097,0.04276734840434791,0.8572307692307692,0.04038161160990257,0.9344466800804829,0.02946471068960165,0.9682393162393161,0.01867703290636405,0.970022163132404,0.007883469194247442
35,200,entropy,6,12,8,log2,True,1.0,,0.001,0.001,,0.9269573210111925,0.025875135424316686,0.9502505491882115,0.01782070055962649,0.9036640928341735,0.034016128720735304,0.8569230769230769,0.032737073423434786,0.9344064386317907,0.02333136590352638,0.9712341880341882,0.018076460037309824,0.9574564086919178,0.005344364450847428
36,300,log_loss,4,2,1,0.5,True,0.6,,0.01,0.0,balanced_subsample,0.9267447003854649,0.02937183138806991,0.9505236723889201,0.020174846483393717,0.9029657283820096,0.0386544627406272,0.8495384615384616,0.04514172291715275,0.9344869215291751,0.026455684500537455,0.9708854700854701,0.015837255451565713,0.9629163467514061,0.0054659456225058176
36,300,log_loss,5,2,4,0.7,True,0.8,64,0.0,0.01,,0.9267447003854649,0.02937183138806991,0.9505236723889201,0.020174846483393717,0.9029657283820096,0.0386544627406272,0.8495384615384616,0.04514172291715275,0.9344869215291751,0.026455684500537455,0.9684034188034187,0.018228326297588783,0.9621462704434117,0.004861137666505269
36,200,entropy,8,2,2,0.7,True,0.8,,0.005,0.0,balanced,0.9267447003854649,0.02937183138806991,0.9505236723889201,0.020174846483393717,0.9029657283820096,0.0386544627406272,0.8495384615384616,0.04514172291715275,0.9344869215291751,0.026455684500537455,0.9722871794871795,0.017242237399178285,0.9922462899416088,0.00548292433365744
39,100,gini,3,4,12,sqrt,True,0.8,,0.001,0.0,,0.9265383008564353,0.03495846242865381,0.950625167855331,0.02293896654172516,0.9024514338575393,0.04700410663659085,0.8492307692307692,0.052937386258723865,0.9344466800804829,0.030818855090401262,0.9527589743589744,0.030750249796015486,0.9344800895260533,0.008742451688529105
40,500,log_loss,3,8,8,0.3,True,,32,0.0,0.01,,0.9264327777681798,0.021714091475183255,0.9507610226963965,0.014535570112728883,0.9021045328399631,0.028935935099867947,0.8415384615384616,0.03415246012433625,0.9344869215291751,0.019322852536493698,0.9662632478632478,0.017148009091253212,0.947497121356076,0.0030368679838586017
41,500,log_loss,,8,8,log2,True,0.6,8,0.01,0.0,,0.9262855300884667,0.0338989297325497,0.9507143032897811,0.021692809452866117,0.9018567568871522,0.04614764679727817,0.8489230769230769,0.0593168206084968,0.9344064386317907,0.0295107310510792,0.9634188034188036,0.02061413158301628,0.9469916711614681,0.0033197573544245895
42,300,entropy,3,12,2,log2,True,,16,0.0,0.0,,0.9262480614290742,0.026701802456361758,0.9508058155295434,0.017171322834586847,0.9016903073286052,0.03630834730363744,0.8412307692307692,0.0438868906576626,0.9344466800804829,0.023273129651532234,0.9691418803418802,0.01689862482793543,0.9415194399155649,0.004986469469621289
43,100,entropy,6,8,2,sqrt,True,,8,0.001,0.01,balanced_subsample,0.9254826337404756,0.03310601899753884,0.9465996750901489,0.02411971738517203,0.9043655923908025,0.04222739681608057,0.9043076923076923,0.048361557426187085,0.9315090543259558,0.030611709960010256,0.9737299145299145,0.014906509831508393,0.9587749769111233,0.008770913945053917
44,100,entropy,12,12,1,sqrt,True,,64,0.005,0.0,balanced_subsample,0.9254732677404126,0.03880092373913549,0.9466751912948169,0.029679804003451306,0.9042713441860084,0.04808776647590417,0.8889230769230769,0.03904662665652998,0.9315895372233399,0.03664093842027744,0.978174358974359,0.01429883376163247,0.9837636099127567,0.0028636130339995945
45,200,entropy,12,20,4,0.3,True,1.0,,0.001,0.0,balanced_subsample,0.9252074304976585,0.042133957795619924,0.9468034164174858,0.03035076530146581,0.9036114445778312,0.053981670503578945,0.8963076923076922,0.054623834665917304,0.9314688128772637,0.03881257998891073,0.9714051282051281,0.01839590231554484,0.9597612630351744,0.008672685896160354
45,500,entropy,5,20,2,0.3,True,0.8,32,0.0,0.005,balanced_subsample,0.9252074304976585,0.042133957795619924,0.9468034164174858,0.03035076530146581,0.9036114445778312,0.053981670503578945,0.8963076923076922,0.054623834665917304,0.9314688128772637,0.03881257998891073,0.9717675213675214,0.015329853534192505,0.9491866079701141,0.007724425838097931
47,500,log_loss,16,20,2,log2,True,0.6,32,0.001,0.0,balanced_subsample,0.9250726114967509,0.020660046083911077,0.947045668277999,0.015079004710199545,0.9030995547155033,0.02638295131975014,0.8886153846153846,0.03060881259186683,0.9315492957746481,0.019116763627656484,0.9696615384615385,0.014875772726678558,0.9547536373224871,0.005805490040132372
48,200,log_loss,10,8,2,log2,False,,8,0.005,0.01,balanced,0.9249895063934158,0.03356972445812983,0.9471518819344906,0.0236200604028607,0.902827130852341,0.04355388230020637,0.8886153846153846,0.04708396126372573,0.9315492957746478,0.03060848286054476,0.9723145299145299,0.013929707172426939,0.9626406089297641,0.010402375658240733
49,500,entropy,4,20,1,0.3,True,1.0,16,0.001,0.005,balanced,0.9248260985932552,0.04465618941699537,0.9470864900525932,0.031747492630208395,0.9025657071339174,0.05769881064213599,0.8883076923076922,0.06434816540145137,0.9314688128772637,0.0408617384789003,0.9712341880341879,0.015312478170674142,0.9545081844459758,0.008763688030406998
50,100,log_loss,12,8,4,0.7,True,,16,0.005,0.0,balanced,0.9247753625522297,0.03403882807775583,0.9473187684920275,0.025406713213668972,0.9022319566124322,0.04276715779719914,0.8732307692307693,0.04586163909879805,0.93158953722334,0.03187519029078361,0.9717743589743589,0.01666163027125731,0.9844141018117749,0.00783196114414697
51,300,entropy,10,12,1,0.5,True,,,0.0,0.0,balanced_subsample,0.9246387948653594,0.03015332614235361,0.9474749197265467,0.02166886897952693,0.9018026700041718,0.038704820639544404,0.8732307692307693,0.04586163909879805,0.93158953722334,0.02776922391587481,0.973025641025641,0.014540103014103781,0.9853010175243899,0.0015668119157201674
52,300,entropy,,8,4,sqrt,True,0.8,8,0.001,0.001,balanced_subsample,0.9241529121524816,0.029332420660196576,0.947820949503979,0.019935170982636086,0.9004848748009842,0.038768972367238905,0.8649230769230769,0.04119401346751892,0.9315492957746478,0.02630553675256576,0.9701880341880342,0.016481781448956644,0.9602029120047696,0.009791510337906673
53,500,gini,4,20,2,log2,True,1.0,64,0.001,0.005,,0.9239577503554408,0.02340355749488969,0.9480065099175242,0.016100232977723547,0.8999089907933572,0.03081892711386969,0.8569230769230769,0.032737073423434786,0.93158953722334,0.021085520734501532,0.9703863247863248,0.014832980491091672,0.9491943894005928,0.004640720673708831
54,100,log_loss,3,12,4,log2,True,,32,0.0,0.001,balanced_subsample,0.9239412018920838,0.037447933184581984,0.9480023984980568,0.02476397557874249,0.8998800052861107,0.050215704690812935,0.8649230769230769,0.0652452814045746,0.93158953722334,0.033130958469909835,0.9618529914529914,0.023855433295446395,0.9486899496418465,0.004909800923927383
55,500,log_loss,6,4,1,0.7,True,0.6,64,0.001,0.01,balanced_subsample,0.9238338334745979,0.03331478917559652,0.9481305099957578,0.023691821207428222,0.8995371569534383,0.043074376050514444,0.8495384615384616,0.04514172291715275,0.9316297786720323,0.030489742974323775,0.9712478632478632,0.016044062346906515,0.976459256456707,0.007075773841429566
56,200,log_loss,4,20,2,0.3,True,0.6,,0.005,0.01,,0.9237169239601275,0.023260897565340853,0.9481915237935649,0.016202015109189307,0.8992423241266904,0.030410459285454168,0.8492307692307692,0.029704660642823795,0.93158953722334,0.021085520734501532,0.969476923076923,0.01437430845859359,0.9534192103056445,0.004637174315799823
57,500,gini,4,12,4,sqrt,True,0.8,64,0.001,0.0,,0.9235326049768002,0.029682989019410654,0.9482796645297569,0.019713354657810045,0.8987855454238434,0.03983051224989581,0.8489230769230769,0.04731263263760104,0.93158953722334,0.02625827762494653,0.9701948717948717,0.016744772845117894,0.950006058352432,0.0033148927636492574
57,300,entropy,4,4,2,sqrt,True,,16,0.0,0.01,,0.9235326049768002,0.029682989019410654,0.9482796645297569,0.019713354657810045,0.8987855454238434,0.03983051224989581,0.8489230769230769,0.04731263263760104,0.93158953722334,0.02625827762494653,0.972676923076923,0.013890045868970087,0.9530378135848936,0.003086606605838752
59,100,entropy,,12,4,sqrt,True,0.6,8,0.005,0.001,,0.9234598013872791,0.029781889568466086,0.9482796645297569,0.019713354657810045,0.8986399382448015,0.040008768708805466,0.8489230769230769,0.04731263263760104,0.9315492957746478,0.02630553675256576,0.9689162393162393,0.019178413364823774,0.9510226762585272,0.005980233741729439
60,200,entropy,4,2,8,sqrt,True,0.8,8,0.0,0.005,,0.9231756871838016,0.02434696934369743,0.9485617762588561,0.015459189511160919,0.8977895981087471,0.03331915430371045,0.8412307692307692,0.0438868906576626,0.93158953722334,0.02108552073450153,0.9669743589743589,0.018903231589113303,0.949236582712885,0.00472503293394972
61,500,gini,3,4,12,log2,True,,32,0.005,0.0,,0.9229352581442665,0.026177679061791383,0.948790138037942,0.016862204800750274,0.8970803782505911,0.03556995866666422,0.8335384615384616,0.045683759884227605,0.9316297786720323,0.02283552410903247,0.9584478632478632,0.023746109777474808,0.9425943990654154,0.004266174204294888
62,500,gini,6,20,2,0.3,False,,,0.001,0.0,,0.9218430789572052,0.03494488502296179,0.9449911309674615,0.025950639655127932,0.898695026946949,0.0439910458498714,0.8729230769230769,0.0302353686068634,0.9287323943661973,0.03264853982113037,0.9702153846153847,0.014251685457814692,0.9685185069125174,0.004398746622287533
63,300,gini,3,8,8,sqrt,False,,64,0.005,0.001,balanced,0.92161308919501,0.03934887360183508,0.9450830913679773,0.02837701673698013,0.8981430870220428,0.050463026473511204,0.8726153846153846,0.0472926179860698,0.928692152917505,0.03623643581413666,0.962208547008547,0.022076255387622125,0.950679211001509,0.00885630611802956
64,500,entropy,4,12,2,,True,0.6,16,0.001,0.005,,0.9213635475263178,0.0351893251987929,0.9453054992172619,0.02580836389018002,0.8974215958353738,0.04477130736694179,0.8652307692307692,0.053767855160129906,0.9287323943661973,0.03264853982113037,0.9643760683760684,0.016557628858523552,0.9551092463891113,0.007013779294624079
65,100,log_loss,16,4,8,0.5,False,,32,0.001,0.001,,0.9212107749030999,0.03950705530284189,0.9455208405863414,0.02809528007723906,0.8969007092198582,0.050961272108995224,0.8572307692307692,0.04038161160990257,0.928732394366197,0.03620531883074101,0.9657777777777777,0.01847948478785843,0.9780633026432319,0.006398705340999108
66,200,entropy,10,20,1,log2,True,0.6,64,0.005,0.005,,0.921129955547294,0.022798988475439246,0.9455713574122455,0.0153307490080272,0.8966885536823425,0.030383835918487843,0.8649230769230769,0.04119401346751892,0.9287323943661973,0.020319102538304667,0.9732034188034188,0.015957228242167266,0.9567396364491154,0.005053354318739255
67,100,entropy,4,8,2,0.7,True,0.6,64,0.001,0.0,balanced,0.9209581492050877,0.03581297362464863,0.945746085644218,0.025114483016485802,0.8961702127659574,0.04662711467101667,0.8575384615384616,0.058490680995468045,0.9287726358148894,0.03257892612127053,0.9691008547008547,0.018663665893239634,0.9606433632192986,0.007148245913043536
68,200,entropy,4,2,12,log2,False,,16,0.0,0.01,,0.9203138125439757,0.03369703733496098,0.9461802439153161,0.022668767150174317,0.8944473811726356,0.04481084951601312,0.8412307692307692,0.0438868906576626,0.9287323943661973,0.030044331351013406,0.9671863247863248,0.01574183421451066,0.952356304054623,0.0037102515441159944
69,300,log_loss,6,12,12,sqrt,True,0.6,8,0.0,0.01,,0.9195636891334102,0.03618758363108014,0.9466877647402502,0.022957396319643022,0.8924396135265701,0.049441063630348656,0.8332307692307692,0.06420086821289835,0.928732394366197,0.0313734680803814,0.9566700854700855,0.02562519032390849,0.9340010046041799,0.0022186193822787896
70,200,log_loss,8,2,8,0.3,True,,16,0.0,0.01,balanced,0.9192547281784185,0.040989085593765955,0.9421097580159621,0.029510024131187706,0.8963996983408749,0.05254214169333193,0.8963076923076922,0.054623834665917304,0.9257545271629777,0.03775239879272754,0.9685538461538462,0.01981519586067366,0.9567037142154786,0.007222968755217165
71,500,gini,4,8,4,log2,True,0.8,16,0.01,0.005,balanced,0.9186380580324645,0.026773763755141965,0.942795523828034,0.01939015869497491,0.8944805922368948,0.034228185269489356,0.8729230769230769,0.0302353686068634,0.9258350100603622,0.02473314208893942,0.9678769230769231,0.017163749733562203,0.9523970554434789,0.006137411168960383
72,300,gini,5,8,4,log2,True,0.6,64,0.0,0.005,balanced_subsample,0.918606731537394,0.026473138653696597,0.9427227115902477,0.01985001834562321,0.8944907514845403,0.03341146600585565,0.8729230769230769,0.03942305816134637,0.9258350100603622,0.02473314208893942,0.9687452991452992,0.018018130656695493,0.9563934595772341,0.005675771921521187
73,100,log_loss,3,2,1,0.3,True,1.0,8,0.005,0.0,balanced,0.9184234352801475,0.0307532827588966,0.9429302846133141,0.02134912146528326,0.893916585946981,0.04030774484005105,0.8729230769230769,0.05323699385570994,0.9258350100603622,0.027838707292439337,0.9648547008547009,0.023867028819072742,0.9550962154347518,0.008804305192815687
74,100,entropy,5,4,4,0.5,False,,32,0.005,0.0,balanced,0.918272487068311,0.038964218678663044,0.943184429918935,0.02739891437134907,0.893360544217687,0.05054330393512131,0.8652307692307692,0.053767855160129906,0.9258752515090543,0.0355354094438267,0.9632752136752136,0.019888345207970493,0.9692716688828457,0.005955181239135932
75,100,entropy,6,8,4,log2,True,0.6,8,0.01,0.005,balanced_subsample,0.9181501653320595,0.025677790253313553,0.9431784010412058,0.017471079592623243,0.8931219296229129,0.03400031421295727,0.8649230769230769,0.04119401346751892,0.9258350100603622,0.02302380647352737,0.969080341880342,0.020966667067345807,0.9555581818007906,0.008681821271659985
76,100,log_loss,16,2,8,0.5,True,,32,0.01,0.0,,0.9180876197198854,0.03970123178810357,0.9432991443208723,0.028708654537980743,0.8928760951188985,0.05086801789983146,0.8575384615384616,0.058490680995468045,0.9259154929577467,0.03660720152238196,0.9669880341880341,0.017940785874477425,0.9544027659296292,0.007336178615093592
77,100,gini,5,12,8,log2,False,,8,0.01,0.001,balanced,0.916740126946076,0.039414189155212526,0.9393505120099128,0.029594549802268475,0.894129741882239,0.04938974094365033,0.9043076923076923,0.048361557426187085,0.9229376257545272,0.036918102462158854,0.9653811965811965,0.018583045536610398,0.9459514779422797,0.012258744390763868
78,300,entropy,4,4,8,0.3,True,0.6,64,0.005,0.001,balanced,0.9160056041265641,0.04853408178649394,0.9399462552670237,0.03534905849593288,0.8920649529861043,0.06190159056736546,0.8883076923076922,0.06434816540145137,0.922897384305835,0.04486901679089189,0.964294017094017,0.020617460739387868,0.9370511997209476,0.008646855561792547
79,200,log_loss,10,12,1,0.5,True,1.0,16,0.0,0.0,balanced,0.915739608287297,0.034537125069303135,0.9404428020087678,0.025476246257468745,0.8910364145658262,0.043666494078206386,0.8732307692307693,0.04586163909879805,0.9230181086519114,0.03217318293719965,0.9721299145299145,0.016681608380155664,0.98530101752439,0.0015668119157201672
80,200,entropy,8,12,2,0.7,True,0.6,,0.005,0.005,balanced,0.9157025413543629,0.0419110000094782,0.9403301257210204,0.031123337129148953,0.891074956987705,0.052903679550436275,0.8729230769230769,0.05323699385570994,0.9229778672032193,0.039073058304713394,0.9666256410256411,0.02026875198333121,0.9578553995037377,0.006115286979640783
80,500,entropy,6,12,1,0.7,True,0.6,,0.0,0.0,balanced_subsample,0.9157025413543629,0.0419110000094782,0.9403301257210204,0.031123337129148953,0.891074956987705,0.052903679550436275,0.8729230769230769,0.05323699385570994,0.9229778672032193,0.039073058304713394,0.9664752136752137,0.01803204880575822,0.9555062732013951,0.005312461785672695
82,500,log_loss,6,8,4,0.5,True,0.6,8,0.0,0.01,balanced_subsample,0.9155345185485707,0.041727474152304926,0.9405151395970611,0.03122163321968326,0.8905538975000802,0.05244211733232299,0.8652307692307692,0.053767855160129906,0.9230181086519116,0.03905009114813772,0.9692717948717948,0.018554730284355957,0.9593046853053885,0.004834178419446189
82,300,gini,4,4,4,0.5,True,0.6,16,0.001,0.005,balanced_subsample,0.9155345185485707,0.041727474152304926,0.9405151395970611,0.03122163321968326,0.8905538975000802,0.05244211733232299,0.8652307692307692,0.053767855160129906,0.9230181086519116,0.03905009114813772,0.9632752136752136,0.018994231835287232,0.9529172643560406,0.006166516159568819
84,500,gini,8,20,12,0.3,True,,16,0.0,0.001,,0.9155201008678084,0.03642454584778288,0.9405393205320716,0.02611235860983056,0.8905008812035453,0.046892515785716155,0.8729230769230769,0.05323699385570994,0.9229778672032193,0.033444590294656164,0.961982905982906,0.022907676936975565,0.9451806125646935,0.008275044804137039
85,500,gini,8,2,2,0.5,True,0.8,32,0.001,0.01,balanced,0.915427685670012,0.03998504526080581,0.9406801523162442,0.028916340021895196,0.8901752190237797,0.051168598774559114,0.8652307692307692,0.053767855160129906,0.9230181086519114,0.03690046493684618,0.9692854700854701,0.016478967262620426,0.9695833439203394,0.0016586029563402387
86,100,gini,6,4,1,,True,0.8,16,0.0,0.005,,0.9153719451006606,0.034848499250767564,0.9407368065167836,0.025291459037809338,0.8900070836845376,0.04455227425636129,0.8649230769230769,0.04119401346751892,0.9230181086519114,0.03217318293719965,0.9684581196581196,0.015219145852101186,0.9749051636408204,0.0059233517240253825
87,200,entropy,16,8,1,,True,0.8,32,0.001,0.005,balanced,0.9152258409099417,0.033932209079375594,0.940883054368903,0.02377376026425489,0.8895686274509803,0.04416205172729546,0.8652307692307692,0.053767855160129906,0.9230181086519114,0.030878488422351438,0.9689846153846153,0.016728347315725842,0.9868003743579941,0.005315634859908239
88,300,log_loss,5,8,8,0.7,False,,32,0.01,0.01,,0.9146181888602822,0.04303419633189435,0.9415066049603963,0.02974826099114182,0.8877297727601678,0.05635750900185482,0.8495384615384616,0.06291085079641659,0.9230985915492959,0.03891608171933087,0.9585367521367522,0.023391475976673723,0.9636660060001361,0.0029674237246488967
89,100,gini,10,2,8,0.3,True,,16,0.001,0.0,balanced_subsample,0.9138102102368932,0.041801428020236606,0.9370180256697112,0.031127374540357133,0.8906023948040754,0.05251810053816585,0.9043076923076923,0.048361557426187085,0.9200804828973842,0.03907264385474417,0.9630632478632478,0.02240872272063586,0.9445393747652204,0.005543388160383985
90,300,log_loss,,20,8,log2,False,,8,0.0,0.0,balanced,0.9131353573531653,0.032076547665879834,0.9377141536203577,0.02314753468497052,0.8885565610859729,0.041099964727378015,0.8886153846153846,0.04708396126372573,0.9201207243460765,0.029569114193696882,0.9717811965811964,0.014123053336541288,0.9596936288076927,0.007144598118424883
91,300,gini,12,12,2,0.3,True,0.6,64,0.005,0.0,balanced_subsample,0.9130816120578263,0.0494405700963955,0.9375492515217054,0.03611427476295589,0.8886139725939476,0.06295010571724748,0.8883076923076922,0.06434816540145137,0.9200402414486921,0.04577216700111484,0.9691076923076922,0.016772157581085318,0.9540833748865396,0.005639136180791405
91,300,log_loss,8,2,8,0.3,True,0.6,32,0.001,0.005,balanced_subsample,0.9130816120578263,0.0494405700963955,0.9375492515217054,0.03611427476295589,0.8886139725939476,0.06295010571724748,0.8883076923076922,0.06434816540145137,0.9200402414486921,0.04577216700111484,0.9660717948717948,0.019593264700483212,0.9381813556538285,0.00811876564700961
93,500,gini,12,12,4,0.3,True,0.6,,0.001,0.01,balanced_subsample,0.9128913764957123,0.04434502205897275,0.9377962313778694,0.032512546010972095,0.8879865216135553,0.05637258594327626,0.8806153846153846,0.05701530989243307,0.9200804828973842,0.04110884094598298,0.9685675213675214,0.018444913058533765,0.9501575869961909,0.009636034740220921
94,100,entropy,6,4,12,log2,True,1.0,32,0.001,0.001,balanced,0.9128472779113972,0.03802480348034281,0.9378528305893294,0.026774653648340384,0.8878417252334648,0.049442710323910906,0.8883076923076922,0.06434816540145137,0.9200804828973844,0.03464304959951964,0.9637606837606837,0.02180276847056872,0.9385618814407204,0.0034746228203496503
95,200,entropy,12,20,8,0.7,True,1.0,,0.001,0.005,,0.9122797038167436,0.033528674201133986,0.9384802951374251,0.024223787162590747,0.8860791124960622,0.04301392452408516,0.8652307692307692,0.053767855160129906,0.9201609657947685,0.030893378769419597,0.9677128205128206,0.016807410643044488,0.9551802680044371,0.009776156968808103
96,500,entropy,,12,12,log2,True,0.8,,0.005,0.0,balanced,0.9096631410524421,0.03634687467262639,0.9357077846240586,0.025761872513995338,0.8836184974808253,0.04709895629387504,0.8803076923076922,0.05700534595505602,0.9172233400402415,0.03320604770447811,0.9602119658119659,0.024382587685053053,0.9390582753571237,0.007426316822848358
97,300,log_loss,12,4,12,log2,True,0.8,32,0.01,0.001,balanced,0.9095989262777184,0.032396042643873156,0.9357543173672205,0.02243266663592824,0.883443535188216,0.042539005063181395,0.8803076923076922,0.05700534595505602,0.9172233400402414,0.0292872607966058,0.9603760683760683,0.025306998088256635,0.9444181271874715,0.006356703107352224
98,200,entropy,,20,2,0.5,True,1.0,32,0.005,0.001,balanced,0.9075114258238802,0.03186022037756556,0.9327604779029068,0.02434816372914103,0.8822623737448534,0.03945579282299226,0.8889230769230769,0.03904662665652998,0.9144466800804828,0.030120771388481432,0.9691487179487179,0.015741198626850188,0.9592493941496727,0.0038271394983270144
99,200,log_loss,4,20,12,log2,True,0.6,,0.005,0.005,balanced_subsample,0.906728396792516,0.03574784379445277,0.9333073760438747,0.02545143570044516,0.8801494175411572,0.04625135703829972,0.8803076923076922,0.05700534595505602,0.9143661971830985,0.032717708434399154,0.9552341880341881,0.028518490079706683,0.9381939248861274,0.007349847408913137
100,200,log_loss,4,12,12,0.7,True,0.8,64,0.0,0.0,,0.9066240720853982,0.031285065743034274,0.9334423183478938,0.022493220648050285,0.8798058258229023,0.04034614313685335,0.8729230769230769,0.05323699385570994,0.9144064386317907,0.028752958616035565,0.9606085470085469,0.019810877605564752,0.9246009911667542,0.00976584162684455
101,500,entropy,6,2,12,0.5,True,1.0,,0.01,0.001,,0.9065925809691544,0.02807621656333042,0.933542601421529,0.020103291976300675,0.8796425605167799,0.036349904296157455,0.8729230769230769,0.05323699385570994,0.9144466800804828,0.025736412140263194,0.962017094017094,0.0215408274375528,0.9346185910864422,0.009744920785560478
102,300,entropy,3,12,4,0.5,True,1.0,64,0.005,0.01,balanced,0.9064950309148486,0.022899608390871896,0.9336452204005525,0.015424625593519054,0.8793448414291449,0.030638572907358077,0.8729230769230769,0.05323699385570994,0.9144466800804828,0.020431959051197556,0.9629264957264958,0.020680676184504133,0.9391744069210353,0.013051700091478345
103,100,log_loss,6,20,8,0.7,True,0.6,64,0.001,0.01,,0.9060563789959023,0.027596815099128987,0.9340052966210663,0.02038754786491758,0.8781074613707386,0.03520410046849063,0.8575384615384616,0.058490680995468045,0.9144869215291749,0.025670448774683954,0.9625435897435898,0.021663817543922728,0.9397317454946956,0.014892520456466803
104,200,entropy,3,8,12,sqrt,True,0.6,,0.01,0.001,balanced,0.9060119453986244,0.03515284792375642,0.933883422569824,0.023887722801906285,0.8781404682274248,0.04671322883332019,0.8646153846153846,0.06045194678273386,0.9143661971830985,0.031445441516015166,0.9520478632478632,0.02865302877792988,0.93385139940964,0.005335917647482976
105,500,entropy,4,2,12,sqrt,True,0.6,8,0.0,0.005,balanced,0.9059176691150899,0.027686906573823392,0.9340310044565363,0.017780575691689653,0.8778043337736433,0.0378650836908464,0.8646153846153846,0.06045194678273386,0.9144064386317907,0.02412124934558285,0.9555965811965811,0.02762814895453735,0.9372264803216706,0.009033024852576113
106,500,gini,16,12,8,0.3,True,0.8,,0.01,0.01,balanced_subsample,0.9045809439634784,0.03571196451882298,0.9302630860259351,0.026365126335238652,0.8788988019010215,0.045216384888949836,0.8963076923076922,0.054623834665917304,0.9115492957746477,0.03324114172211553,0.9643213675213674,0.019428643227484926,0.9292219216803115,0.009649381012414719
107,500,log_loss,4,4,8,0.5,True,1.0,,0.001,0.01,balanced,0.9037890848650838,0.035615176363408066,0.9309397647217447,0.026533039400705928,0.8766384050084227,0.04499381796411442,0.8729230769230769,0.05323699385570994,0.9115492957746477,0.03324114172211553,0.9639863247863246,0.018638664071715588,0.9407868601804366,0.012986465240671319
108,500,log_loss,8,8,4,0.5,False,,8,0.005,0.01,balanced,0.9015037404597723,0.023387068393598363,0.9282283466243172,0.016867529618667238,0.8747791342952274,0.029970327984972674,0.8889230769230769,0.03904662665652998,0.9087726358148892,0.021572044045490263,0.9643692307692306,0.018165301647462714,0.9511806928393876,0.004261429864327048
109,100,gini,,8,1,0.5,True,,64,0.01,0.0,balanced_subsample,0.9012319909730167,0.03157577314764537,0.9283648735073025,0.02370728160885297,0.8740991084387311,0.03958586542327099,0.8809230769230769,0.043856678898699895,0.9087323943661971,0.029604854617034368,0.9642666666666667,0.015268720547593144,0.9460164739935208,0.013817391517084986
110,100,gini,3,8,8,0.3,True,0.8,16,0.001,0.001,balanced_subsample,0.900911583311113,0.027702342781418143,0.9286080386169125,0.019347651774351285,0.8732151280053138,0.036353444821453966,0.8806153846153846,0.05701530989243307,0.9087323943661971,0.02513064777740651,0.9584752136752137,0.024930870951361796,0.9333495622226365,0.013596782806191584
111,100,gini,6,8,4,0.7,True,,8,0.0,0.005,balanced,0.9008157736499671,0.03472337975511612,0.9287025068884139,0.025574446827538233,0.8729290404115202,0.04412975196288702,0.8729230769230769,0.05323699385570994,0.9087323943661971,0.032244576645045146,0.9627623931623932,0.017726083948765094,0.948981121501161,0.01558175643524496
112,200,entropy,4,4,12,0.5,True,1.0,16,0.005,0.0,,0.900789514209332,0.031743584155034366,0.9286957254510575,0.023642630901815072,0.8728833029676064,0.040176914755545405,0.8729230769230769,0.05323699385570994,0.9087323943661971,0.029604854617034368,0.9611350427350427,0.022567690986353667,0.9320753977690603,0.012505163681589224
112,500,log_loss,,20,8,0.5,True,,64,0.005,0.0,balanced_subsample,0.900789514209332,0.031743584155034366,0.9286957254510575,0.023642630901815072,0.8728833029676064,0.040176914755545405,0.8729230769230769,0.05323699385570994,0.9087323943661971,0.029604854617034368,0.9671794871794873,0.017304306516988638,0.9377039837205023,0.008205685336460109
114,200,gini,,4,12,0.7,True,,16,0.01,0.0,,0.9006826813307732,0.029361988656583224,0.9288607381702407,0.02059706393279537,0.872504624491306,0.038325596693375576,0.8729230769230769,0.05323699385570994,0.9087323943661971,0.026705469678949507,0.9574085470085469,0.022653419702314683,0.9238548323203052,0.01434119378693333
115,200,entropy,5,20,12,sqrt,True,0.6,8,0.0,0.005,balanced_subsample,0.900350072063862,0.038239785330883534,0.9288842725023653,0.026810038105170866,0.8718158716253587,0.05010984241295725,0.8723076923076922,0.06921367310278151,0.9086519114688129,0.03466959034424618,0.9543384615384616,0.029885188834131382,0.9398128987414209,0.00742045652339805
116,200,gini,5,8,12,0.3,True,,8,0.0,0.0,balanced,0.8990903262809914,0.0320245730593535,0.9252268911509516,0.023235194282177248,0.8729537614110312,0.04084914661847138,0.9043076923076923,0.048361557426187085,0.9058752515090542,0.029620385234450885,0.9582837606837608,0.02422088820072332,0.9226564704198374,0.007419257376807211
117,100,log_loss,8,8,12,0.3,True,0.8,16,0.01,0.0,balanced,0.8985190728544834,0.03188245129235789,0.9257746330470082,0.02344226905608236,0.8712635126619588,0.04045003881592338,0.8886153846153846,0.04708396126372573,0.9058752515090542,0.029620385234450885,0.9613128205128205,0.02137464332591892,0.9233287088896066,0.006366465117335373
118,200,entropy,10,8,8,0.5,True,0.6,,0.01,0.0,balanced_subsample,0.8983211240621497,0.033100935716778176,0.9259717111141399,0.024703318693151868,0.8706705370101597,0.04159726658002913,0.8809230769230769,0.043856678898699895,0.9058752515090542,0.030967723108076595,0.9639726495726496,0.019308224946588542,0.9297535461908097,0.005295831851330149
119,300,log_loss,,20,1,0.7,True,0.8,,0.0,0.01,balanced_subsample,0.8978476941104588,0.03343836558505058,0.9263581845440916,0.024481931034847717,0.8693372036768263,0.04265245358399535,0.8729230769230769,0.05323699385570994,0.9058752515090542,0.030967723108076595,0.9680683760683759,0.015488711457974437,0.942355326733779,0.011243846780998993
120,200,entropy,12,8,8,0.5,True,1.0,,0.001,0.001,balanced_subsample,0.8978389132331556,0.02865926175090249,0.9264023666359595,0.021269271427515758,0.8692754598303516,0.03641800795773476,0.8729230769230769,0.05323699385570994,0.9059154929577463,0.026672097764539725,0.9680752136752137,0.01667370300735561,0.9505428517215133,0.006415922522990206
121,500,gini,16,12,12,sqrt,True,0.6,16,0.01,0.01,balanced_subsample,0.8975150848435476,0.041429376186953686,0.9263817188762162,0.029900197985974764,0.868648450810879,0.053451039289762546,0.8723076923076922,0.06921367310278151,0.90579476861167,0.0380439003795916,0.9538188034188035,0.02923153615228241,0.9299007167958824,0.003105955669742666
122,300,gini,16,20,8,0.5,True,1.0,16,0.005,0.005,balanced_subsample,0.8957620520974625,0.02640083647088196,0.9233814706538457,0.019693403346210774,0.8681426335410796,0.03317500581209477,0.8889230769230769,0.03904662665652998,0.9030985915492957,0.024694810179186257,0.9620239316239317,0.021005439812503503,0.9225949554395976,0.010131068210136639
123,500,entropy,5,20,8,0.7,True,1.0,64,0.01,0.005,balanced,0.895374688854845,0.02646663454734048,0.923727192347882,0.019669835205455205,0.8670221853618079,0.03343198984166947,0.8809230769230769,0.043856678898699895,0.9030985915492957,0.024694810179186257,0.9645196581196581,0.018349395390550968,0.9284069776890382,0.011307676047856412
124,200,entropy,16,20,8,,True,0.6,16,0.005,0.001,balanced,0.8953349808210854,0.02856301263760347,0.9237339646018452,0.020667714409676203,0.8669359970403254,0.0365109430677502,0.8809230769230769,0.043856678898699895,0.9030583501006035,0.02638605738313016,0.9613264957264958,0.022411776956896903,0.9113320927839184,0.004545590135557129
125,300,gini,16,8,12,,True,0.8,8,0.005,0.0,,0.8952988091642924,0.02322830360394637,0.9238365835808686,0.01621555580076987,0.8667610347477162,0.030306214122560148,0.8809230769230769,0.043856678898699895,0.903098591549296,0.02113216372413368,0.9545846153846153,0.025979573335529953,0.9082438816318037,0.004871679871999886
126,200,gini,8,12,8,0.3,False,,8,0.0,0.0,balanced_subsample,0.8951435804051746,0.030476377302451403,0.9238178816618248,0.021723912465747387,0.8664692791485245,0.039516295482241684,0.8806153846153846,0.05701530989243307,0.9030583501006035,0.027890082059525454,0.9631042735042735,0.020643259350744632,0.9499955880064082,0.012885151451193223
127,500,gini,10,4,1,,False,,,0.001,0.01,,0.8941211503851874,0.03634374431544625,0.9247944902222602,0.02583604871773875,0.8634478105481145,0.047217390663141394,0.8572307692307692,0.06473541964190097,0.9030985915492957,0.03316066296311622,0.9088478632478634,0.035388162174115646,0.9624462830633986,0.015296662681064882
128,200,gini,6,2,12,0.5,False,,64,0.0,0.0,balanced,0.8929580625498167,0.031650486538969284,0.9208213870592793,0.024567941467422486,0.865094738040354,0.038810207818428956,0.8889230769230769,0.03904662665652998,0.9002414486921528,0.03008472881078955,0.9540923076923077,0.02664353500352594,0.929290718216947,0.0061183925315164015
129,300,gini,10,4,12,0.7,True,0.6,8,0.001,0.01,balanced_subsample,0.8924638219439782,0.02765909589758353,0.9213340299547197,0.020320524646261672,0.8635936139332365,0.035106442683170064,0.8809230769230769,0.043856678898699895,0.9002414486921528,0.02569422013673656,0.9526290598290597,0.02761531218660067,0.9063795068108499,0.006396618890039212
129,300,gini,8,8,12,0.7,True,0.6,64,0.01,0.0,balanced_subsample,0.8924638219439782,0.02765909589758353,0.9213340299547197,0.020320524646261672,0.8635936139332365,0.035106442683170064,0.8809230769230769,0.043856678898699895,0.9002414486921528,0.02569422013673656,0.952451282051282,0.02792321918972543,0.9055774326907965,0.005864604642303279
129,100,entropy,10,8,8,,True,1.0,8,0.005,0.0,balanced_subsample,0.8924638219439782,0.02765909589758353,0.9213340299547197,0.020320524646261672,0.8635936139332365,0.035106442683170064,0.8809230769230769,0.043856678898699895,0.9002414486921528,0.02569422013673656,0.963131623931624,0.01974458398355024,0.9316724507937805,0.014888227809237322
132,300,entropy,8,12,12,0.5,True,0.6,,0.01,0.001,balanced,0.8924465310172358,0.02937588935959522,0.9212813485537236,0.021630164987562855,0.8636117134807477,0.03721286161318097,0.8809230769230769,0.043856678898699895,0.9002012072434606,0.027319468730915918,0.9598974358974358,0.023490498527602936,0.9146435280914049,0.004538701898621448
133,300,log_loss,3,8,12,,True,,8,0.001,0.001,balanced,0.8921232545085817,0.01992500285568841,0.9216944728180682,0.014185114868419462,0.8625520361990949,0.02572692629113531,0.8729230769230769,0.0302353686068634,0.9002414486921528,0.018266426475645945,0.953463247863248,0.02282600042858546,0.9104436328516321,0.004805943245716856
134,300,gini,3,4,4,,True,0.6,64,0.005,0.0,balanced_subsample,0.8919903919922874,0.027963045059993856,0.9217205033846714,0.02013999492870712,0.8622602805999031,0.03609002262121457,0.8729230769230769,0.05323699385570994,0.9002414486921528,0.02569422013673656,0.9576273504273505,0.023796400383164065,0.9172301797147064,0.01626176344277535
134,300,gini,16,4,2,0.7,True,0.8,8,0.01,0.001,balanced_subsample,0.8919903919922874,0.027963045059993856,0.9217205033846714,0.02013999492870712,0.8622602805999031,0.03609002262121457,0.8729230769230769,0.05323699385570994,0.9002414486921528,0.02569422013673656,0.9654290598290599,0.017550345351566115,0.9420132787679778,0.013949140351230597
136,100,entropy,5,8,12,0.7,False,,,0.005,0.0,balanced,0.889804343295981,0.032042176541556285,0.9185721175376347,0.025339243003779564,0.861036569054327,0.0387700614619454,0.8809230769230769,0.025365493963723035,0.8973440643863178,0.030715167177851208,0.9601504273504272,0.015967848476423834,0.9369753998371891,0.013354287969278974
137,100,gini,12,12,12,,True,1.0,8,0.005,0.01,balanced,0.8895932924587757,0.029917498197486875,0.9188870886313738,0.022065891651736856,0.8602994962861776,0.0378326240457637,0.8809230769230769,0.043856678898699895,0.89738430583501,0.027854234319634328,0.9545162393162393,0.02849716186480238,0.9069535002331419,0.004694039845126372
137,200,gini,6,20,8,0.5,True,,16,0.0,0.01,balanced,0.8895932924587757,0.029917498197486875,0.9188870886313738,0.022065891651736856,0.8602994962861776,0.0378326240457637,0.8809230769230769,0.043856678898699895,0.89738430583501,0.027854234319634328,0.9609504273504275,0.021275204610410787,0.9156443123374706,0.0056667669934606325
137,300,gini,4,20,2,,True,,,0.005,0.0,balanced_subsample,0.8895932924587757,0.029917498197486875,0.9188870886313738,0.022065891651736856,0.8602994962861776,0.0378326240457637,0.8809230769230769,0.043856678898699895,0.89738430583501,0.027854234319634328,0.9594393162393162,0.01744420247992762,0.919459507389551,0.004926689436861591
137,300,gini,4,2,12,,True,0.6,,0.0,0.01,balanced,0.8895932924587757,0.029917498197486875,0.9188870886313738,0.022065891651736856,0.8602994962861776,0.0378326240457637,0.8809230769230769,0.043856678898699895,0.89738430583501,0.027854234319634328,0.951931623931624,0.027020229000158026,0.9061390501190031,0.005490189547695464
137,500,gini,4,20,12,0.7,True,1.0,64,0.0,0.005,balanced_subsample,0.8895932924587757,0.029917498197486875,0.9188870886313738,0.022065891651736856,0.8602994962861776,0.0378326240457637,0.8809230769230769,0.043856678898699895,0.89738430583501,0.027854234319634328,0.9549264957264958,0.026057594856193668,0.9117670847762455,0.005836992798211817
142,300,gini,8,8,12,0.5,True,0.8,8,0.0,0.005,balanced_subsample,0.8895398298752404,0.026761287220508977,0.9189370262094012,0.01945203021383918,0.8601426335410796,0.034159378613929696,0.8809230769230769,0.043856678898699895,0.89738430583501,0.024750617434937786,0.954557264957265,0.02528138346234021,0.9119175787177127,0.005737941101977562
142,200,gini,10,8,12,0.7,True,0.6,16,0.01,0.001,balanced,0.8895398298752404,0.026761287220508977,0.9189370262094012,0.01945203021383918,0.8601426335410796,0.034159378613929696,0.8809230769230769,0.043856678898699895,0.89738430583501,0.024750617434937786,0.9528068376068376,0.028603022787067955,0.9048425832188652,0.007989359626766111
144,300,entropy,,2,8,,True,0.8,64,0.0,0.0,balanced_subsample,0.8893244389450601,0.02968498522411038,0.9190893002128957,0.022443982918471432,0.8595595776772248,0.03696445103517405,0.8729230769230769,0.0302353686068634,0.8973440643863178,0.027931276172794176,0.9659692307692307,0.017735355037925754,0.9207236064902459,0.006362142307043049
144,100,log_loss,16,8,8,,True,0.8,,0.0,0.005,balanced,0.8893244389450601,0.02968498522411038,0.9190893002128957,0.022443982918471432,0.8595595776772248,0.03696445103517405,0.8729230769230769,0.0302353686068634,0.8973440643863178,0.027931276172794176,0.9647179487179487,0.017710167293619048,0.9208528018356894,0.004079758674648397
146,300,log_loss,5,4,8,,True,,,0.01,0.005,balanced_subsample,0.8892882672882674,0.02458601070977367,0.9191919191919192,0.018451977175565307,0.8593846153846153,0.030809204802975935,0.8729230769230769,0.0302353686068634,0.89738430583501,0.02304257820534458,0.9640410256410256,0.017613446938054673,0.9315673666386051,0.013399479168339813
147,200,log_loss,3,8,12,0.3,True,0.8,8,0.0,0.0,balanced,0.8885565134241376,0.03675003805111469,0.9197169996420371,0.02556371234785659,0.8573960272062381,0.04820210208733671,0.8649230769230769,0.0652452814045746,0.8973440643863178,0.03326690248408768,0.9575863247863248,0.02285008717791421,0.9204610329911255,0.00395145616733651
148,100,gini,5,8,8,,True,0.8,32,0.0,0.01,balanced_subsample,0.8867893029111297,0.03413519525490103,0.9163270050368075,0.026070005746248952,0.857251600785452,0.042298327827038754,0.8809230769230769,0.043856678898699895,0.8945271629778672,0.032225185277067296,0.9590222222222222,0.02146698872544239,0.9070755175770421,0.00705633964610313
149,500,gini,3,12,12,0.3,True,0.8,32,0.01,0.0,balanced_subsample,0.8861712619352439,0.029253537390183795,0.9169345842069593,0.020634012153078963,0.8554079396635286,0.038043013276496396,0.8729230769230769,0.05323699385570994,0.8945271629778672,0.02668205303001285,0.9551111111111112,0.024046046362739406,0.9147077188886875,0.00967350620829114
150,300,gini,3,4,8,,False,,32,0.005,0.005,balanced_subsample,0.8860187096446184,0.02107740363023796,0.9171535580524346,0.015551687517436399,0.8548838612368025,0.026618737596826435,0.8649230769230769,0.02041927387450716,0.8945271629778672,0.019631641338704167,0.9106735042735042,0.035485146591312085,0.906168801256803,0.003530502018486726
151,300,gini,5,12,8,,False,,64,0.01,0.0,,0.8826358054497039,0.021577856494310065,0.9151465762701718,0.015233141745983688,0.8501250346292363,0.02809816422942011,0.8569230769230769,0.032737073423434786,0.8916700201207244,0.01966674981952587,0.9077162393162392,0.032023921951859005,0.9276099833640465,0.01975688919404809
152,100,gini,6,8,12,0.7,False,,8,0.005,0.005,balanced_subsample,0.8811443999548573,0.03720926356442948,0.9113103808691421,0.029326441730268462,0.8509784190405721,0.045235652372168755,0.8809230769230769,0.043856678898699895,0.8888531187122736,0.03555135561797043,0.9516376068376069,0.02701070725970703,0.9217163986487016,0.00857868182108049
153,300,gini,16,4,1,0.7,False,,16,0.001,0.01,balanced,0.8804590376267288,0.02074454421733076,0.9120157792923382,0.014741714382404342,0.8489022959611194,0.0273492464017495,0.8729230769230769,0.05323699385570994,0.8888933601609658,0.018914508298649643,0.9539487179487178,0.026932490553425052,0.9565034281637054,0.015602492579852209
154,300,gini,12,12,2,0.7,False,,16,0.005,0.01,balanced,0.877655048079083,0.025480703705533504,0.909455695697772,0.01936175393737715,0.8458544004603938,0.03219235036986151,0.8729230769230769,0.05323699385570994,0.886036217303823,0.02391324175476715,0.9598017094017095,0.0247534626834736,0.9500307140953034,0.02437989779104667
155,200,gini,,12,1,,False,,,0.0,0.005,balanced,0.874605382313422,0.022250968701593068,0.9074565883554648,0.016604933171757475,0.8417541762713793,0.02794213889899607,0.8652307692307692,0.03116058806442381,0.8832193158953722,0.020810160088170385,0.9093846153846152,0.04362762088196639,0.9612078177047618,0.013176146483863465
156,100,entropy,4,2,1,,False,,64,0.0,0.005,balanced_subsample,0.8720811583480476,0.019186852450289144,0.9094895562971204,0.012782893010590034,0.8346727603989749,0.026740958208031157,0.8252307692307692,0.05467580623074751,0.8831790744466801,0.016727378434309437,0.9176170940170941,0.02696612399077199,0.93826666058448,0.01818873487876552
157,100,gini,10,20,4,,False,,16,0.0,0.01,,0.8695486290675036,0.05726129646300341,0.9107850124820291,0.031083469604768123,0.8283122456529781,0.08415957073155769,0.8172307692307692,0.13072542252628044,0.883138832997988,0.04564476676228081,0.9195931623931625,0.03826735008526238,0.9393045243050102,0.01940235030236247
158,300,entropy,4,4,4,,False,,32,0.005,0.0,balanced,0.8692606925144635,0.0211918222028563,0.9069233975160458,0.01600450250665984,0.831597987512881,0.027936907870928115,0.8252307692307692,0.05467580623074751,0.8803219315895372,0.019483428395463163,0.917165811965812,0.026857603525251135,0.9352620742865649,0.017745344357339377
159,100,gini,12,20,2,,False,,8,0.0,0.0,balanced,0.8607931007728258,0.010521668144414045,0.8944557847925931,0.008985463319464388,0.8271304167530582,0.012577344147883243,0.8729230769230769,0.016558306519475343,0.8689738430583501,0.010282772901678927,0.9035965811965813,0.0325966324274957,0.92775985401742,0.013122737498086531
160,200,entropy,16,12,8,,False,,8,0.01,0.005,balanced_subsample,0.8467666469135497,0.028003211365688382,0.8812312340666603,0.02483163455099268,0.8123020597604395,0.03159045401344121,0.8732307692307693,0.038252972967187854,0.8546478873239437,0.027933653132462134,0.924102564102564,0.031171801421899403,0.9182858358580613,0.010960494211917493
