rank_test_macro_f1,param_n_estimators,param_criterion,param_max_features,param_max_leaf_nodes,param_min_samples_leaf,param_min_samples_split,param_ccp_alpha,param_max_samples,mean_test_macro_f1,std_test_macro_f1,mean_test_f1_g,std_test_f1_g,mean_test_f1_b,std_test_f1_b,mean_test_recall_b,std_test_recall_b,mean_test_accuracy,std_test_accuracy,mean_test_roc_auc,std_test_roc_auc,mean_train_macro_f1,std_train_macro_f1
1,200,entropy,0.5,32,1,8,0.001,1.0,0.9460412032672763,0.029689118204468293,0.9632065923791029,0.02004481160196153,0.9288758141554494,0.03934418373284662,0.8886153846153846,0.04708396126372573,0.9515090543259559,0.02655722203486256,0.9749743589743591,0.015605450177514774,0.9945749100718535,0.003951328573207338
1,200,entropy,0.5,32,1,8,0.0,1.0,0.9460412032672763,0.029689118204468293,0.9632065923791029,0.02004481160196153,0.9288758141554494,0.03934418373284662,0.8886153846153846,0.04708396126372573,0.9515090543259559,0.02655722203486256,0.9749743589743591,0.015605450177514774,0.9945749100718535,0.003951328573207338
1,200,log_loss,0.5,32,1,8,0.001,1.0,0.9460412032672763,0.029689118204468293,0.9632065923791029,0.02004481160196153,0.9288758141554494,0.03934418373284662,0.8886153846153846,0.04708396126372573,0.9515090543259559,0.02655722203486256,0.9749743589743591,0.015605450177514774,0.9945749100718535,0.003951328573207338
4,100,entropy,0.5,32,1,2,0.001,,0.9430849204196889,0.034054421938562986,0.960865455255357,0.023596759334684046,0.9253043855840207,0.04454000949410266,0.8886153846153846,0.04708396126372573,0.948651911468813,0.030832513742207752,0.9778290598290598,0.01456890093901473,1.0,0.0
4,200,log_loss,0.5,32,1,2,0.001,,0.9430849204196889,0.034054421938562986,0.960865455255357,0.023596759334684046,0.9253043855840207,0.04454000949410266,0.8886153846153846,0.04708396126372573,0.948651911468813,0.030832513742207752,0.9776341880341881,0.01405793341856749,1.0,0.0
4,300,log_loss,0.5,16,1,2,0.001,1.0,0.9430849204196889,0.034054421938562986,0.960865455255357,0.023596759334684046,0.9253043855840207,0.04454000949410266,0.8886153846153846,0.04708396126372573,0.948651911468813,0.030832513742207752,0.9783452991452991,0.013922912278071364,1.0,0.0
4,300,entropy,0.5,32,1,2,0.001,1.0,0.9430849204196889,0.034054421938562986,0.960865455255357,0.023596759334684046,0.9253043855840207,0.04454000949410266,0.8886153846153846,0.04708396126372573,0.948651911468813,0.030832513742207752,0.9781675213675213,0.01393469380471188,1.0,0.0
4,100,log_loss,0.5,32,1,2,0.001,1.0,0.9430849204196889,0.034054421938562986,0.960865455255357,0.023596759334684046,0.9253043855840207,0.04454000949410266,0.8886153846153846,0.04708396126372573,0.948651911468813,0.030832513742207752,0.9778290598290598,0.01456890093901473,1.0,0.0
4,200,log_loss,0.5,16,1,4,0.0,1.0,0.9430849204196889,0.034054421938562986,0.960865455255357,0.023596759334684046,0.9253043855840207,0.04454000949410266,0.8886153846153846,0.04708396126372573,0.948651911468813,0.030832513742207752,0.9762188034188034,0.014488848553728671,1.0,0.0
4,200,entropy,0.5,32,1,2,0.0,1.0,0.9430849204196889,0.034054421938562986,0.960865455255357,0.023596759334684046,0.9253043855840207,0.04454000949410266,0.8886153846153846,0.04708396126372573,0.948651911468813,0.030832513742207752,0.9776341880341881,0.01405793341856749,1.0,0.0
4,100,entropy,0.5,16,1,2,0.0,1.0,0.9430849204196889,0.034054421938562986,0.960865455255357,0.023596759334684046,0.9253043855840207,0.04454000949410266,0.8886153846153846,0.04708396126372573,0.948651911468813,0.030832513742207752,0.9777504273504274,0.014368371365512372,1.0,0.0
12,200,log_loss,0.3,,1,2,0.0,,0.9428668608795497,0.02784175435454202,0.9611028055628337,0.018872100261659887,0.9246309161962658,0.0368212362963813,0.8809230769230769,0.043856678898699895,0.9486921529175051,0.024950671753576154,0.9774700854700855,0.014451844561691754,1.0,0.0
13,300,log_loss,0.5,16,1,8,0.001,1.0,0.9428403409825631,0.026028724389764783,0.9610565684899486,0.017587630444330225,0.9246241134751774,0.03448208133075438,0.8806153846153846,0.036479385440686636,0.948651911468813,0.023291213758782674,0.9755076923076924,0.014569167290781915,0.9953528755116385,0.0037943612558926894
14,100,log_loss,0.3,,2,8,0.0,0.8,0.9399105780319627,0.03216604873842977,0.9587616684390878,0.022390137123183954,0.9210594876248372,0.04196820695259991,0.8809230769230769,0.043856678898699895,0.9458350100603623,0.029185566688558266,0.9733880341880342,0.014429676970430162,0.9796530916705238,0.007643613693230987
14,200,log_loss,0.3,,2,8,0.0,0.8,0.9399105780319627,0.03216604873842977,0.9587616684390878,0.022390137123183954,0.9210594876248372,0.04196820695259991,0.8809230769230769,0.043856678898699895,0.9458350100603623,0.029185566688558266,0.9735726495726496,0.014471678165183487,0.9796806168817425,0.00878753518502868
16,200,gini,0.3,32,4,2,0.0,1.0,0.9398840581349758,0.030607664050520955,0.9587154313662027,0.02131361823106343,0.9210526849037487,0.039931094330836345,0.8806153846153846,0.036479385440686636,0.9457947686116702,0.027776104284069476,0.9701880341880342,0.014964145914185921,0.9710281300973603,0.0068682179223823634
17,300,log_loss,0.3,16,4,4,0.001,,0.9396659985948365,0.023471105075876277,0.9589527816736793,0.01595744518865753,0.9203792155159938,0.03099607250296756,0.8729230769230769,0.0302353686068634,0.9458350100603623,0.021062621812731656,0.9749743589743589,0.014060686851966684,0.9796683315678655,0.006759368805848886
17,300,log_loss,0.3,16,1,4,0.001,1.0,0.9396659985948365,0.023471105075876277,0.9589527816736793,0.01595744518865753,0.9203792155159938,0.03099607250296756,0.8729230769230769,0.0302353686068634,0.9458350100603623,0.021062621812731656,0.9769299145299145,0.014547792319721543,0.9992254792519397,0.0015490414961204734
17,200,entropy,0.3,16,1,2,0.0,1.0,0.9396659985948365,0.023471105075876277,0.9589527816736793,0.01595744518865753,0.9203792155159938,0.03099607250296756,0.8729230769230769,0.0302353686068634,0.9458350100603623,0.021062621812731656,0.9771213675213675,0.014109719396911004,1.0,0.0
17,300,log_loss,0.3,32,4,4,0.0,,0.9396659985948365,0.023471105075876277,0.9589527816736793,0.01595744518865753,0.9203792155159938,0.03099607250296756,0.8729230769230769,0.0302353686068634,0.9458350100603623,0.021062621812731656,0.9749743589743589,0.014060686851966684,0.9796683315678655,0.006759368805848886
17,200,log_loss,0.3,,2,4,0.0,,0.9396659985948365,0.023471105075876277,0.9589527816736793,0.01595744518865753,0.9203792155159938,0.03099607250296756,0.8729230769230769,0.0302353686068634,0.9458350100603623,0.021062621812731656,0.9772991452991452,0.014066404821860624,0.9984475138121546,0.003104972375690629
17,300,entropy,0.3,16,4,4,0.001,1.0,0.9396659985948365,0.023471105075876277,0.9589527816736793,0.01595744518865753,0.9203792155159938,0.03099607250296756,0.8729230769230769,0.0302353686068634,0.9458350100603623,0.021062621812731656,0.9749743589743589,0.014060686851966684,0.9796683315678655,0.006759368805848886
17,200,entropy,0.3,16,2,4,0.001,,0.9396659985948365,0.023471105075876277,0.9589527816736793,0.01595744518865753,0.9203792155159938,0.03099607250296756,0.8729230769230769,0.0302353686068634,0.9458350100603623,0.021062621812731656,0.9739213675213676,0.015932920969908695,0.9976729930640944,0.0031041129946216177
17,300,entropy,0.3,16,4,2,0.0,,0.9396659985948365,0.023471105075876277,0.9589527816736793,0.01595744518865753,0.9203792155159938,0.03099607250296756,0.8729230769230769,0.0302353686068634,0.9458350100603623,0.021062621812731656,0.9749743589743589,0.014060686851966684,0.9796683315678655,0.006759368805848886
17,200,log_loss,0.3,16,1,2,0.001,1.0,0.9396659985948365,0.023471105075876277,0.9589527816736793,0.01595744518865753,0.9203792155159938,0.03099607250296756,0.8729230769230769,0.0302353686068634,0.9458350100603623,0.021062621812731656,0.9771213675213675,0.014109719396911004,1.0,0.0
17,300,entropy,0.3,16,1,4,0.001,1.0,0.9396659985948365,0.023471105075876277,0.9589527816736793,0.01595744518865753,0.9203792155159938,0.03099607250296756,0.8729230769230769,0.0302353686068634,0.9458350100603623,0.021062621812731656,0.9769299145299145,0.014547792319721543,0.9992254792519397,0.0015490414961204734
27,200,gini,0.3,,1,4,0.0,0.8,0.9369110073762108,0.03147327407412111,0.9565176291684006,0.021935289958626543,0.9173043855840207,0.041044885370519535,0.8809230769230769,0.043856678898699895,0.9430181086519115,0.02857324221296189,0.9737641025641025,0.012887856858634422,0.9968934721910312,0.00290486276662797
28,300,entropy,0.3,16,1,8,0.001,,0.9368789149405743,0.028234261839437367,0.9564698508597527,0.019663650203455358,0.9172879790213958,0.03685015554229345,0.8806153846153846,0.036479385440686636,0.9429778672032194,0.025623598283447496,0.976574358974359,0.01424807643439997,0.9937902883136923,0.0031049666470687734
29,200,log_loss,0.3,32,4,4,0.0,,0.9367097157472493,0.028132878822609536,0.9566116445499334,0.01974171035068054,0.9168077869445652,0.03655015967760137,0.8729230769230769,0.0302353686068634,0.9429778672032194,0.025623598283447496,0.9738871794871795,0.015227281344951318,0.9804498293494541,0.007853043766059862
29,200,entropy,0.3,16,4,4,0.001,,0.9367097157472493,0.028132878822609536,0.9566116445499334,0.01974171035068054,0.9168077869445652,0.03655015967760137,0.8729230769230769,0.0302353686068634,0.9429778672032194,0.025623598283447496,0.9738871794871795,0.015227281344951318,0.9804498293494541,0.007853043766059862
29,200,log_loss,0.3,16,4,2,0.001,,0.9367097157472493,0.028132878822609536,0.9566116445499334,0.01974171035068054,0.9168077869445652,0.03655015967760137,0.8729230769230769,0.0302353686068634,0.9429778672032194,0.025623598283447496,0.9738871794871795,0.015227281344951318,0.9804498293494541,0.007853043766059862
29,100,entropy,0.5,32,2,4,0.001,1.0,0.9367097157472493,0.028132878822609536,0.9566116445499334,0.01974171035068054,0.9168077869445652,0.03655015967760137,0.8729230769230769,0.0302353686068634,0.9429778672032194,0.025623598283447496,0.9763897435897437,0.01468974495730467,0.9984509585038795,0.001897180627946304
29,200,log_loss,0.3,16,4,8,0.001,,0.9367097157472493,0.028132878822609536,0.9566116445499334,0.01974171035068054,0.9168077869445652,0.03655015967760137,0.8729230769230769,0.0302353686068634,0.9429778672032194,0.025623598283447496,0.9738871794871795,0.015227281344951318,0.9804498293494541,0.007853043766059862
34,300,log_loss,0.3,,1,8,0.0,0.8,0.9366664279390846,0.02247971966861069,0.956708742402992,0.015340680993039207,0.9166241134751771,0.029647929919365323,0.8729230769230769,0.0302353686068634,0.9430181086519115,0.02020561568610233,0.9751726495726496,0.01389199796890718,0.9898864486143243,0.005279376613272301
34,300,gini,0.3,32,1,4,0.0,,0.9366664279390846,0.02247971966861069,0.956708742402992,0.015340680993039207,0.9166241134751771,0.029647929919365323,0.8729230769230769,0.0302353686068634,0.9430181086519115,0.02020561568610233,0.9750017094017094,0.013752914300765143,1.0,0.0
36,300,gini,0.3,16,4,4,0.001,,0.9366158526701035,0.028175067694774833,0.9566116445499334,0.019741710350680543,0.9166200607902735,0.03664127069567404,0.8726153846153846,0.030928816918471574,0.9429376257545273,0.02564539251375491,0.9705435897435898,0.014651215737274964,0.9694375959475963,0.00580972577836988
37,300,entropy,0.5,32,2,8,0.0,1.0,0.9364256015437717,0.02246779514174284,0.9568937562790328,0.015342888172274756,0.9159574468085108,0.029601965209226873,0.8652307692307692,0.03116058806442381,0.9430181086519115,0.02020561568610233,0.9755076923076922,0.014547458086599102,0.9890997468916849,0.005169876172225174
37,300,log_loss,0.3,32,2,4,0.001,,0.9364256015437717,0.02246779514174284,0.9568937562790328,0.015342888172274756,0.9159574468085108,0.029601965209226873,0.8652307692307692,0.03116058806442381,0.9430181086519115,0.02020561568610233,0.9756786324786326,0.015750373548892437,0.9992254792519397,0.0015490414961204734
37,300,log_loss,0.5,,2,8,0.001,0.8,0.9364256015437717,0.02246779514174284,0.9568937562790328,0.015342888172274756,0.9159574468085108,0.029601965209226873,0.8652307692307692,0.03116058806442381,0.9430181086519115,0.02020561568610233,0.9728547008547009,0.01572697137890871,0.9812639279442659,0.006764092408698632
40,300,log_loss,0.3,,4,8,0.001,1.0,0.9363977931299644,0.020161170295816554,0.95684899485741,0.013824020085165905,0.9159465914025186,0.026511817384876353,0.8649230769230769,0.02041927387450716,0.9429778672032194,0.018166952874563103,0.975863247863248,0.01600309707770977,0.9804264513603712,0.007863302196755172
40,200,log_loss,0.3,32,1,2,0.0,1.0,0.9363977931299644,0.020161170295816554,0.95684899485741,0.013824020085165905,0.9159465914025186,0.026511817384876353,0.8649230769230769,0.02041927387450716,0.9429778672032194,0.018166952874563103,0.9776615384615386,0.013939474061196978,1.0,0.0
40,300,entropy,0.3,,1,2,0.0,0.8,0.9363977931299644,0.020161170295816554,0.95684899485741,0.013824020085165905,0.9159465914025186,0.026511817384876353,0.8649230769230769,0.02041927387450716,0.9429778672032194,0.018166952874563103,0.9771965811965811,0.014453316447947468,1.0,0.0
40,200,log_loss,0.3,16,1,4,0.0,1.0,0.9363977931299644,0.020161170295816554,0.95684899485741,0.013824020085165905,0.9159465914025186,0.026511817384876353,0.8649230769230769,0.02041927387450716,0.9429778672032194,0.018166952874563103,0.9751726495726494,0.014361813313164678,0.9992254792519397,0.0015490414961204734
44,300,gini,sqrt,32,2,8,0.0,,0.9341325607354246,0.02701680614161649,0.9540315131338974,0.018971134322716396,0.9142336083369518,0.03511919643732046,0.8889230769230769,0.03904662665652998,0.9401609657947686,0.024598883656437316,0.9748239316239318,0.013501003174281441,0.9867406470227259,0.007265671904650752
45,100,gini,sqrt,16,1,4,0.001,0.8,0.934100468299788,0.023158930038472726,0.9539837348252496,0.01628399724904526,0.9142172017743269,0.030108280339747252,0.8886153846153846,0.03060881259186683,0.9401207243460765,0.021095348881648324,0.9762256410256409,0.01483949099857023,0.9867296882006101,0.005338279534417169
46,100,gini,0.3,32,1,2,0.001,,0.9340975083341153,0.02636267558527273,0.9540218835852098,0.019545797142604356,0.9141731330830204,0.03327264251561168,0.8809230769230769,0.025365493963723035,0.9401609657947686,0.024598883656437292,0.9752786324786324,0.014337665915019598,1.0,0.0
47,200,gini,0.5,,1,2,0.001,1.0,0.934000305807942,0.03380774956250553,0.9540850453893933,0.02335592173644891,0.9139155662264905,0.04427563609829242,0.8886153846153846,0.04708396126372573,0.9401207243460764,0.030574657198500346,0.9741264957264958,0.01242759072881628,1.0,0.0
47,200,gini,0.5,16,1,2,0.0,,0.934000305807942,0.03380774956250553,0.9540850453893933,0.02335592173644891,0.9139155662264905,0.04427563609829242,0.8886153846153846,0.04708396126372573,0.9401207243460764,0.030574657198500346,0.9722461538461538,0.013222071833795774,0.995332440426363,0.003811091053357741
49,200,gini,0.5,32,2,8,0.001,1.0,0.9339901752564241,0.03071648518448316,0.9540824424134383,0.021211282694603564,0.91389790809941,0.040248630952661645,0.8886153846153846,0.04708396126372573,0.9401207243460765,0.02777668728778433,0.9708923076923076,0.015440848417081487,0.978146996251278,0.0063757620271952765
49,200,gini,0.5,32,2,8,0.0,1.0,0.9339901752564241,0.03071648518448316,0.9540824424134383,0.021211282694603564,0.91389790809941,0.040248630952661645,0.8886153846153846,0.04708396126372573,0.9401207243460765,0.02777668728778433,0.9707145299145299,0.015660890285984348,0.978146996251278,0.0063757620271952765
51,300,gini,sqrt,32,1,2,0.001,1.0,0.9339491261575802,0.020718732925392495,0.9541748480598411,0.014754913720015037,0.9137234042553193,0.026756826609911848,0.8809230769230769,0.025365493963723035,0.9401609657947686,0.018979123213659386,0.9797811965811964,0.01260760142550655,1.0,0.0
51,100,gini,sqrt,,1,4,0.001,1.0,0.9339491261575802,0.020718732925392495,0.9541748480598411,0.014754913720015037,0.9137234042553193,0.026756826609911848,0.8809230769230769,0.025365493963723035,0.9401609657947686,0.018979123213659386,0.9785777777777778,0.01068295053338572,0.9984509585038795,0.001897180627946304
51,200,entropy,sqrt,,1,4,0.0,1.0,0.9339491261575802,0.020718732925392495,0.9541748480598411,0.014754913720015037,0.9137234042553193,0.026756826609911848,0.8809230769230769,0.025365493963723035,0.9401609657947686,0.018979123213659386,0.9803145299145299,0.013380908329464349,1.0,0.0
54,300,gini,0.5,16,2,8,0.0,,0.933903910204138,0.03359886750153266,0.9542268390795741,0.023436112500614413,0.9135809813287017,0.04377822333298059,0.8809230769230769,0.043856678898699895,0.9401609657947686,0.03052270776631453,0.9714393162393163,0.014879040969757003,0.9796880637673379,0.006749057836904886
54,300,gini,0.5,,2,8,0.0,0.8,0.933903910204138,0.03359886750153266,0.9542268390795741,0.023436112500614413,0.9135809813287017,0.04377822333298059,0.8809230769230769,0.043856678898699895,0.9401609657947686,0.03052270776631453,0.9707350427350427,0.014787706076483147,0.9717859217218473,0.002929063695641404
56,300,gini,0.5,,2,2,0.0,,0.9338718177685014,0.030582633109557753,0.9541790607709262,0.021319818543891495,0.9135645747660768,0.039870565710487124,0.8806153846153846,0.036479385440686636,0.9401207243460765,0.02777668728778433,0.9726837606837607,0.014009453827754202,0.9929998483238677,0.004553026742273123
56,300,gini,0.5,,2,2,0.0,1.0,0.9338718177685014,0.030582633109557753,0.9541790607709262,0.021319818543891495,0.9135645747660768,0.039870565710487124,0.8806153846153846,0.036479385440686636,0.9401207243460765,0.02777668728778433,0.9726837606837607,0.014009453827754202,0.9929998483238677,0.004553026742273123
58,100,gini,0.3,16,2,8,0.0,0.8,0.933838633130938,0.030592102964042092,0.9542735898977133,0.021234976483299715,0.9134036763641626,0.039979551431862916,0.8809230769230769,0.043856678898699895,0.9401609657947686,0.02771949464303755,0.9695042735042735,0.014189113335543041,0.9725789202733841,0.008276812901020168
58,100,gini,0.3,32,2,8,0.001,0.8,0.933838633130938,0.030592102964042092,0.9542735898977133,0.021234976483299715,0.9134036763641626,0.039979551431862916,0.8809230769230769,0.043856678898699895,0.9401609657947686,0.02771949464303755,0.9696820512820514,0.013949964750712878,0.97178260298216,0.008422454130460107
58,100,gini,0.3,32,1,2,0.0,0.8,0.933838633130938,0.030592102964042092,0.9542735898977133,0.021234976483299715,0.9134036763641626,0.039979551431862916,0.8809230769230769,0.043856678898699895,0.9401609657947686,0.02771949464303755,0.9727863247863248,0.01516389435519413,1.0,0.0
61,300,gini,0.3,32,2,8,0.001,,0.9338065406953016,0.027244928417786002,0.9542258115890654,0.01887357907762419,0.9133872698015377,0.03565792880475406,0.8806153846153846,0.036479385440686636,0.9401207243460765,0.024663313860081935,0.9728615384615384,0.013737574054448412,0.9836127314233352,0.006734952669869645
62,100,entropy,0.3,16,4,4,0.0,1.0,0.9337988488363823,0.03311560412462173,0.9542184821567711,0.023940595254068414,0.9133792155159938,0.0423327949447368,0.8729230769230769,0.0302353686068634,0.9401207243460764,0.030574657198500346,0.9723145299145299,0.014809479819590105,0.9797186637606249,0.0038244122492661924
62,100,gini,0.3,16,4,2,0.001,,0.9337988488363823,0.03311560412462173,0.9542184821567711,0.023940595254068414,0.9133792155159938,0.0423327949447368,0.8729230769230769,0.0302353686068634,0.9401207243460764,0.030574657198500346,0.96911452991453,0.016185723171892024,0.9710280579125807,0.0064034248503658485
64,100,gini,sqrt,,2,4,0.001,0.8,0.9337532949379806,0.0179324188743621,0.954315100514259,0.013197927362722121,0.913191489361702,0.022747457187796596,0.8729230769230769,0.016558306519475343,0.9401609657947686,0.016690550167626016,0.9760615384615384,0.012561716617454718,0.9867207574773527,0.005896364814914641
65,100,entropy,0.3,,1,8,0.001,0.8,0.9337101450914975,0.026984601816307748,0.9543676052792461,0.018971672479353358,0.9130526849037487,0.03503334487196634,0.8729230769230769,0.0302353686068634,0.9401609657947686,0.024598883656437292,0.9740923076923076,0.014846370250699776,0.9836125255302866,0.005768972241113336
65,100,log_loss,0.3,16,1,8,0.001,,0.9337101450914975,0.026984601816307748,0.9543676052792461,0.018971672479353358,0.9130526849037487,0.03503334487196634,0.8729230769230769,0.0302353686068634,0.9401609657947686,0.024598883656437292,0.9749811965811966,0.014455166606603415,0.9961223961346957,1.0000250006303446e-05
65,100,log_loss,0.3,32,1,4,0.001,,0.9337101450914975,0.026984601816307748,0.9543676052792461,0.018971672479353358,0.9130526849037487,0.03503334487196634,0.8729230769230769,0.0302353686068634,0.9401609657947686,0.024598883656437292,0.9734837606837609,0.01653794482286514,1.0,0.0
65,300,gini,0.3,32,2,2,0.0,0.8,0.9337101450914975,0.026984601816307748,0.9543676052792461,0.018971672479353358,0.9130526849037487,0.03503334487196634,0.8729230769230769,0.0302353686068634,0.9401609657947686,0.024598883656437292,0.9737641025641025,0.013321960523377424,0.9859502185178798,0.007273060243289443
69,100,log_loss,0.5,16,4,8,0.0,1.0,0.9336630838088249,0.03357107899906342,0.9544118529556147,0.023457141053117216,0.9129143146620349,0.04370070851151469,0.8732307692307693,0.04586163909879805,0.9401609657947686,0.03052270776631453,0.9733880341880342,0.016694148370511173,0.9811965365057477,0.009767598094833588
69,100,log_loss,0.5,32,4,2,0.001,1.0,0.9336630838088249,0.03357107899906342,0.9544118529556147,0.023457141053117216,0.9129143146620349,0.04370070851151469,0.8732307692307693,0.04586163909879805,0.9401609657947686,0.03052270776631453,0.9733880341880342,0.016694148370511173,0.9811965365057477,0.009767598094833588
69,100,log_loss,0.5,32,4,4,0.001,,0.9336630838088249,0.03357107899906342,0.9544118529556147,0.023457141053117216,0.9129143146620349,0.04370070851151469,0.8732307692307693,0.04586163909879805,0.9401609657947686,0.03052270776631453,0.9733880341880342,0.016694148370511173,0.9811965365057477,0.009767598094833588
69,100,log_loss,0.5,16,4,4,0.001,1.0,0.9336630838088249,0.03357107899906342,0.9544118529556147,0.023457141053117216,0.9129143146620349,0.04370070851151469,0.8732307692307693,0.04586163909879805,0.9401609657947686,0.03052270776631453,0.9733880341880342,0.016694148370511173,0.9811965365057477,0.009767598094833588
69,100,entropy,0.5,16,4,4,0.001,,0.9336630838088249,0.03357107899906342,0.9544118529556147,0.023457141053117216,0.9129143146620349,0.04370070851151469,0.8732307692307693,0.04586163909879805,0.9401609657947686,0.03052270776631453,0.9733880341880342,0.016694148370511173,0.9811965365057477,0.009767598094833588
69,100,entropy,0.5,,2,2,0.0,1.0,0.9336630838088249,0.03357107899906342,0.9544118529556147,0.023457141053117216,0.9129143146620349,0.04370070851151469,0.8732307692307693,0.04586163909879805,0.9401609657947686,0.03052270776631453,0.9749948717948719,0.015580618111920543,0.9984509585038795,0.001897180627946304
69,100,log_loss,0.5,,2,2,0.001,1.0,0.9336630838088249,0.03357107899906342,0.9544118529556147,0.023457141053117216,0.9129143146620349,0.04370070851151469,0.8732307692307693,0.04586163909879805,0.9401609657947686,0.03052270776631453,0.9749948717948719,0.015580618111920543,0.9984509585038795,0.001897180627946304
76,300,gini,0.3,,1,2,0.001,0.8,0.9335940536938121,0.021193034234626085,0.9544647031323048,0.01435135900235955,0.9127234042553191,0.028060195629102894,0.8729230769230769,0.0302353686068634,0.9401609657947686,0.018979123213659386,0.9747282051282052,0.01423386111531165,1.0,0.0
77,200,log_loss,0.5,,2,8,0.001,,0.9334693186961844,0.026948262568359763,0.954552619155287,0.018996272437186244,0.9123860182370821,0.03492635028028131,0.8652307692307692,0.03116058806442381,0.9401609657947686,0.024598883656437292,0.9771076923076922,0.01343358497748686,0.9883145978372238,0.006053876189546628
77,200,entropy,0.5,,2,8,0.0,,0.9334693186961844,0.026948262568359763,0.954552619155287,0.018996272437186244,0.9123860182370821,0.03492635028028131,0.8652307692307692,0.03116058806442381,0.9401609657947686,0.024598883656437292,0.9771076923076922,0.01343358497748686,0.9883145978372238,0.006053876189546628
77,300,log_loss,0.5,,1,8,0.001,,0.9334693186961844,0.026948262568359763,0.954552619155287,0.018996272437186244,0.9123860182370821,0.03492635028028131,0.8652307692307692,0.03116058806442381,0.9401609657947686,0.024598883656437292,0.9769367521367522,0.013423627637363902,0.9961307831903629,0.0024438979717329922
77,300,log_loss,0.5,16,2,2,0.001,1.0,0.9334693186961844,0.026948262568359763,0.954552619155287,0.018996272437186244,0.9123860182370821,0.03492635028028131,0.8652307692307692,0.03116058806442381,0.9401609657947686,0.024598883656437292,0.9765675213675215,0.014185844337233884,1.0,0.0
77,300,entropy,0.5,16,4,8,0.0,,0.9334693186961844,0.026948262568359763,0.954552619155287,0.018996272437186244,0.9123860182370821,0.03492635028028131,0.8652307692307692,0.03116058806442381,0.9401609657947686,0.024598883656437292,0.9746188034188034,0.01568919545325194,0.9788317573848413,0.008488781492600647
82,100,gini,0.3,,4,2,0.0,1.0,0.9334415102823771,0.025054249251281458,0.9545078577336643,0.017786177079524373,0.9123751628310899,0.03234768186574473,0.8649230769230769,0.02041927387450716,0.9401207243460765,0.022948777690754815,0.972834188034188,0.014437677674586539,0.9677810763502357,0.004636640303881524
82,100,gini,0.3,,4,4,0.0,1.0,0.9334415102823771,0.025054249251281458,0.9545078577336643,0.017786177079524373,0.9123751628310899,0.03234768186574473,0.8649230769230769,0.02041927387450716,0.9401207243460765,0.022948777690754815,0.972834188034188,0.014437677674586539,0.9677810763502357,0.004636640303881524
84,300,log_loss,0.3,32,1,8,0.001,0.8,0.9333982224742126,0.01847461458798576,0.9546049555867228,0.012741978152176009,0.912191489361702,0.024245201323850527,0.8649230769230769,0.02041927387450716,0.9401609657947686,0.016690550167626016,0.9757059829059831,0.012795272704382545,0.9875331000556351,0.005741148441905257
85,100,entropy,0.5,,2,4,0.001,0.8,0.9333065633716042,0.03074842230058028,0.9547373125877592,0.020949873935344587,0.9118758141554494,0.04056775166174819,0.8655384615384616,0.0525028035317946,0.9402012072434609,0.027620822824223065,0.9713538461538462,0.01645077760663472,0.9875037929528755,0.009743984195675444
86,300,gini,0.3,,4,8,0.0,0.8,0.9332979007213374,0.030863267373977578,0.9545983752751679,0.02115948538173049,0.9119974261675068,0.04063968940331974,0.8649230769230769,0.04119401346751892,0.9401207243460765,0.02777668728778433,0.968417094017094,0.016798406709178745,0.9621764698243082,0.004900896065266725
87,300,log_loss,0.5,16,2,4,0.001,0.8,0.9331127982589639,0.023334927079838332,0.9548780787874314,0.015793241928042122,0.9113475177304965,0.030898919433726555,0.8575384615384616,0.0387448030491008,0.9402012072434609,0.020889692224688765,0.9744478632478633,0.014554976475424499,0.9898934840812383,0.0031000865296207246
87,300,log_loss,0.5,16,2,8,0.0,0.8,0.9331127982589639,0.023334927079838332,0.9548780787874314,0.015793241928042122,0.9113475177304965,0.030898919433726555,0.8575384615384616,0.0387448030491008,0.9402012072434609,0.020889692224688765,0.9740991452991452,0.014365510925707503,0.9836172643622103,0.008385110674928007
89,300,log_loss,0.3,16,2,2,0.0,0.8,0.9329859781040524,0.023778703608518335,0.9548357255826445,0.015812903766461325,0.9111362306254602,0.031784608238509045,0.8569230769230769,0.032737073423434786,0.9401207243460765,0.021095348881648355,0.9775521367521367,0.014098070871875479,0.9914300802763455,0.004565761726048953
90,200,gini,sqrt,32,1,4,0.001,1.0,0.9310251340888426,0.024960212395732474,0.9517778443145227,0.018455469769704098,0.9102724238631623,0.03156457581823113,0.8809230769230769,0.025365493963723035,0.9373038229376258,0.023253360170854723,0.9785504273504273,0.012248740104958246,1.0,0.0
90,100,gini,sqrt,32,1,4,0.001,1.0,0.9310251340888426,0.024960212395732474,0.9517778443145227,0.018455469769704098,0.9102724238631623,0.03156457581823113,0.8809230769230769,0.025365493963723035,0.9373038229376258,0.023253360170854723,0.9775042735042735,0.01522954708421713,0.9992254792519397,0.0015490414961204734
92,300,gini,sqrt,,2,8,0.0,,0.9309316984507113,0.02120666683400439,0.951881489244743,0.015099037414835302,0.9099819076566797,0.027384275502950393,0.8809230769230769,0.025365493963723035,0.9373038229376258,0.019428161341543473,0.9767658119658119,0.012758424700282774,0.9843977323300347,0.0065586743328474055
92,100,log_loss,sqrt,,1,8,0.001,1.0,0.9309316984507113,0.02120666683400439,0.951881489244743,0.015099037414835302,0.9099819076566797,0.027384275502950393,0.8809230769230769,0.025365493963723035,0.9373038229376258,0.019428161341543473,0.9767521367521368,0.016875623705002094,0.9937849674735368,0.00311431071179424
92,200,gini,sqrt,16,2,8,0.0,1.0,0.9309316984507113,0.02120666683400439,0.951881489244743,0.015099037414835302,0.9099819076566797,0.027384275502950393,0.8809230769230769,0.025365493963723035,0.9373038229376258,0.019428161341543473,0.975008547008547,0.013477719213107852,0.9843977323300347,0.0065586743328474055
92,200,gini,sqrt,,2,8,0.0,1.0,0.9309316984507113,0.02120666683400439,0.951881489244743,0.015099037414835302,0.9099819076566797,0.027384275502950393,0.8809230769230769,0.025365493963723035,0.9373038229376258,0.019428161341543473,0.9767726495726496,0.012959521712228255,0.985960640243133,0.0072764994523566474
96,100,gini,0.3,,1,2,0.0,1.0,0.9308705535914299,0.015990336498720645,0.951929267553391,0.01138875785097135,0.9098118396294689,0.020691541277420487,0.8809230769230769,0.025365493963723035,0.9373038229376258,0.014635168157236724,0.9756341880341882,0.012977840821944813,1.0,0.0
97,100,gini,0.5,16,1,2,0.001,,0.9308214054073474,0.029260727147994988,0.9519801968329318,0.020325990582998294,0.9096626139817628,0.038218289968572336,0.8809230769230769,0.043856678898699895,0.9373038229376258,0.026532698041434506,0.9702974358974359,0.013286921633975825,0.995332440426363,0.003811091053357741
98,200,gini,0.5,16,2,4,0.001,,0.9307932452023511,0.027590694377831276,0.9519334802644762,0.019145493182762808,0.9096530101402264,0.036064270083467034,0.8806153846153846,0.036479385440686636,0.9372635814889337,0.025005907993498395,0.9734632478632479,0.013622194658118616,0.9906412493157599,0.005866788930678762
99,100,log_loss,0.3,16,4,4,0.001,0.8,0.9307917516643096,0.03487467600840397,0.9519276920679445,0.025113996064297765,0.9096558112606745,0.04466190503189584,0.8729230769230769,0.0302353686068634,0.9372635814889335,0.03214745246338238,0.9737299145299145,0.01525233309977475,0.9733505546234932,0.007652771436037607
100,200,gini,0.5,,1,4,0.001,0.8,0.9307030479194246,0.029107302241471504,0.9520768151904196,0.020449163146795422,0.9093292806484297,0.03778258693129457,0.8729230769230769,0.0302353686068634,0.9373038229376258,0.026532698041434506,0.972246153846154,0.01296256617532426,0.9961205068762492,0.0034714663592138504
101,300,gini,sqrt,32,2,2,0.001,0.8,0.9306809206927079,0.015731436068108864,0.9520710612435718,0.011578749749413513,0.909290780141844,0.019976043194163507,0.8729230769230769,0.016558306519475343,0.9373038229376258,0.014635168157236724,0.9765948717948717,0.013156408451838098,0.9882926837637875,0.0060962670647433225
101,200,gini,sqrt,32,2,2,0.001,,0.9306809206927079,0.015731436068108864,0.9520710612435718,0.011578749749413513,0.909290780141844,0.019976043194163507,0.8729230769230769,0.016558306519475343,0.9373038229376258,0.014635168157236724,0.9772991452991452,0.012470490260150652,0.9929947474387699,0.004558189057612474
101,300,log_loss,sqrt,,1,4,0.001,0.8,0.9306809206927079,0.015731436068108864,0.9520710612435718,0.011578749749413513,0.909290780141844,0.019976043194163507,0.8729230769230769,0.016558306519475343,0.9373038229376258,0.014635168157236724,0.9804854700854702,0.012119094413855235,0.9984509585038795,0.001897180627946304
101,200,gini,sqrt,32,2,4,0.0,,0.9306809206927079,0.015731436068108864,0.9520710612435718,0.011578749749413513,0.909290780141844,0.019976043194163507,0.8729230769230769,0.016558306519475343,0.9373038229376258,0.014635168157236724,0.9771213675213675,0.012657413139559466,0.9937778137636528,0.004686674681855976
101,200,gini,sqrt,16,1,2,0.0,0.8,0.9306809206927079,0.015731436068108864,0.9520710612435718,0.011578749749413513,0.909290780141844,0.019976043194163507,0.8729230769230769,0.016558306519475343,0.9373038229376258,0.014635168157236724,0.9762529914529914,0.012137890400457228,0.9922239357088689,0.002465799936000649
101,300,gini,sqrt,32,4,4,0.0,1.0,0.9306809206927079,0.015731436068108864,0.9520710612435718,0.011578749749413513,0.909290780141844,0.019976043194163507,0.8729230769230769,0.016558306519475343,0.9373038229376258,0.014635168157236724,0.9735589743589743,0.014911809415634785,0.9750067499231239,0.0031732057671608554
101,300,gini,sqrt,16,2,4,0.0,1.0,0.9306809206927079,0.015731436068108864,0.9520710612435718,0.011578749749413513,0.909290780141844,0.019976043194163507,0.8729230769230769,0.016558306519475343,0.9373038229376258,0.014635168157236724,0.9776478632478632,0.01272482857752579,0.9875133921497554,0.00459053758184536
101,300,entropy,sqrt,,2,4,0.001,0.8,0.9306809206927079,0.015731436068108864,0.9520710612435718,0.011578749749413513,0.909290780141844,0.019976043194163507,0.8729230769230769,0.016558306519475343,0.9373038229376258,0.014635168157236724,0.9788717948717949,0.013556131092210709,0.9898720201588294,0.004705885931520031
101,200,gini,sqrt,16,4,8,0.001,1.0,0.9306809206927079,0.015731436068108864,0.9520710612435718,0.011578749749413513,0.909290780141844,0.019976043194163507,0.8729230769230769,0.016558306519475343,0.9373038229376258,0.014635168157236724,0.9742905982905983,0.0133554408000137,0.9726160277179794,0.00438034571095848
110,300,log_loss,sqrt,16,1,8,0.001,,0.9306377708462248,0.025569709116649207,0.9521235660085591,0.017889722224248394,0.9091519756838906,0.03328434879105772,0.8729230769230769,0.0302353686068634,0.9373038229376258,0.023253360170854723,0.9790632478632478,0.01271680171282071,0.9930019011486539,0.0029192983368612883
110,300,gini,0.3,,2,8,0.0,0.8,0.9306377708462248,0.025569709116649207,0.9521235660085591,0.017889722224248394,0.9091519756838906,0.03328434879105772,0.8729230769230769,0.0302353686068634,0.9373038229376258,0.023253360170854723,0.9710905982905983,0.014103409039697395,0.9741598403877445,0.005903474981495682
110,300,gini,0.3,16,2,2,0.001,1.0,0.9306377708462248,0.025569709116649207,0.9521235660085591,0.017889722224248394,0.9091519756838906,0.03328434879105772,0.8729230769230769,0.0302353686068634,0.9373038229376258,0.023253360170854723,0.973757264957265,0.013921233186596858,0.9906412493157599,0.005866788930678762
113,200,gini,0.3,32,2,2,0.001,1.0,0.9306302443299039,0.02922601958679258,0.9520768151904196,0.020449163146795422,0.9091836734693878,0.03801086989022554,0.8729230769230769,0.0302353686068634,0.9372635814889335,0.026588119294913108,0.9742837606837608,0.014065480795844229,0.9929889828030675,0.006264334083971995
114,200,gini,0.3,32,1,4,0.0,1.0,0.9305869565217393,0.023822527414914686,0.9521739130434783,0.0162680755946693,0.909,0.03138647975022226,0.8729230769230769,0.0302353686068634,0.9373038229376258,0.0214262947374078,0.975357264957265,0.013589309674306856,1.0,0.0
115,200,entropy,0.5,16,4,8,0.0,,0.9305584517853175,0.031820252859401696,0.9521594567621247,0.023117529620932435,0.9089574468085108,0.040566989037485,0.8652307692307692,0.03116058806442381,0.9373038229376258,0.02944909797396844,0.9740854700854701,0.016213636916543723,0.9788317573848413,0.008488781492600647
115,200,log_loss,0.5,32,4,8,0.0,,0.9305584517853175,0.031820252859401696,0.9521594567621247,0.023117529620932435,0.9089574468085108,0.040566989037485,0.8652307692307692,0.03116058806442381,0.9373038229376258,0.02944909797396844,0.9740854700854701,0.016213636916543723,0.9788317573848413,0.008488781492600647
117,200,log_loss,0.3,32,2,8,0.001,1.0,0.9305306433715101,0.030230334912884235,0.9521146953405019,0.022129068251268532,0.9089465914025185,0.03836832991784098,0.8649230769230769,0.02041927387450716,0.9372635814889335,0.028081323699244605,0.9749811965811966,0.015002345154781004,0.9906572304394332,0.007240165012868974
117,200,log_loss,0.3,16,2,8,0.001,,0.9305306433715101,0.030230334912884235,0.9521146953405019,0.022129068251268532,0.9089465914025185,0.03836832991784098,0.8649230769230769,0.02041927387450716,0.9372635814889335,0.028081323699244605,0.9749811965811966,0.015002345154781004,0.9906572304394332,0.007240165012868974
117,100,gini,0.3,32,4,8,0.0,,0.9305306433715101,0.030230334912884235,0.9521146953405019,0.022129068251268532,0.9089465914025185,0.03836832991784098,0.8649230769230769,0.02041927387450716,0.9372635814889335,0.028081323699244605,0.9685811965811965,0.01658462912748059,0.9718302300985414,0.006757523806520218
120,200,log_loss,0.5,,1,4,0.001,,0.9304622215241117,0.029048696826197557,0.9522618290664605,0.020492680135972042,0.9086626139817628,0.03761746970752439,0.8652307692307692,0.03116058806442381,0.9373038229376258,0.026532698041434506,0.9764102564102565,0.013923086891959929,1.0,0.0
120,200,entropy,0.5,,2,2,0.001,,0.9304622215241117,0.029048696826197557,0.9522618290664605,0.020492680135972042,0.9086626139817628,0.03761746970752439,0.8652307692307692,0.03116058806442381,0.9373038229376258,0.026532698041434506,0.9753435897435898,0.01462248080841036,0.9992254792519397,0.0015490414961204734
122,300,gini,0.3,,2,4,0.001,0.8,0.9304419396266252,0.023341354790662606,0.952263818462977,0.016646181656228547,0.9086200607902735,0.03007496784433924,0.8649230769230769,0.02041927387450716,0.9373038229376258,0.021426294737407797,0.9730393162393163,0.01405519275127963,0.9859502185178798,0.007273060243289443
122,300,log_loss,0.3,,1,4,0.001,,0.9304419396266252,0.023341354790662606,0.952263818462977,0.016646181656228547,0.9086200607902735,0.03007496784433924,0.8649230769230769,0.02041927387450716,0.9373038229376258,0.021426294737407797,0.9779145299145299,0.014048362039847573,1.0,0.0
122,300,entropy,0.3,,1,4,0.001,,0.9304419396266252,0.023341354790662606,0.952263818462977,0.016646181656228547,0.9086200607902735,0.03007496784433924,0.8649230769230769,0.02041927387450716,0.9373038229376258,0.021426294737407797,0.9779145299145299,0.014048362039847573,1.0,0.0
125,200,entropy,0.3,16,1,4,0.0,0.8,0.9303691360371044,0.02348842270849324,0.952263818462977,0.016646181656228547,0.9084744536112316,0.03035785747418828,0.8649230769230769,0.02041927387450716,0.9372635814889337,0.02149488610011361,0.9770393162393163,0.013015445232325375,0.9961104058661482,0.0034828049030867355
126,100,log_loss,0.5,,1,4,0.001,0.8,0.9303038589639044,0.03421427933158948,0.9523105692811162,0.023515530357217207,0.9082971486466928,0.04494857579844558,0.8649230769230769,0.04119401346751892,0.9372635814889337,0.03085167818489302,0.971702564102564,0.016644242113393343,0.9984459583788764,0.0019033209249629806
127,100,gini,0.5,16,1,2,0.0,0.8,0.9302983300655857,0.02947512810600693,0.9523543360044806,0.020220715617486663,0.9082423241266904,0.03881853480125549,0.8649230769230769,0.04119401346751892,0.9373038229376258,0.026532698041434506,0.9714735042735043,0.012230749042849815,0.9961205068762492,0.0034714663592138504
127,300,gini,0.3,16,4,2,0.0,0.8,0.9302983300655857,0.02947512810600693,0.9523543360044806,0.020220715617486663,0.9082423241266904,0.03881853480125549,0.8649230769230769,0.04119401346751892,0.9373038229376258,0.026532698041434506,0.9700102564102565,0.015764953349412077,0.9621840741881348,0.005468781294316231
129,100,log_loss,0.5,,1,8,0.0,1.0,0.9302748728992996,0.027484962680876506,0.9524403233061977,0.018987080289829025,0.9081094224924012,0.03604910582629682,0.8655384615384616,0.0525028035317946,0.937344064386318,0.024841916867541326,0.9767589743589744,0.013800391189755606,0.9937953891987901,0.0030960728326604966
130,100,entropy,0.3,32,2,2,0.001,0.8,0.9302193281551873,0.027838041432209467,0.952352794768718,0.019016368660709604,0.9080858615416565,0.03674634560516254,0.8649230769230769,0.04119401346751892,0.9372635814889337,0.025005907993498395,0.9701880341880342,0.01942798627226634,0.9875022552589414,0.006302811861587424
130,100,log_loss,0.3,16,2,2,0.001,0.8,0.9302193281551873,0.027838041432209467,0.952352794768718,0.019016368660709604,0.9080858615416565,0.03674634560516254,0.8649230769230769,0.04119401346751892,0.9372635814889337,0.025005907993498395,0.9700991452991454,0.019554307532945115,0.9875022552589414,0.006302811861587424
132,300,entropy,0.5,,2,2,0.0,0.8,0.9301565154113767,0.027319200055761036,0.9525369416636856,0.019116555255285068,0.9077760891590678,0.03557230322851746,0.8575384615384616,0.0387448030491008,0.937344064386318,0.024841916867541326,0.973736752136752,0.015657707604774973,0.991445911835698,0.0057223527356170395
133,300,log_loss,0.5,,4,4,0.001,1.0,0.9300575036702725,0.029413942049745217,0.9525393498805215,0.02026218930499104,0.9075756574600238,0.038639093166502346,0.8572307692307692,0.04038161160990257,0.9373038229376258,0.026532698041434506,0.9748102564102563,0.014659012606426436,0.9812190860327739,0.007623359445240353
133,300,entropy,0.5,,4,2,0.001,,0.9300575036702725,0.029413942049745217,0.9525393498805215,0.02026218930499104,0.9075756574600238,0.038639093166502346,0.8572307692307692,0.04038161160990257,0.9373038229376258,0.026532698041434506,0.9748102564102563,0.014659012606426436,0.9812190860327739,0.007623359445240353
135,200,entropy,0.3,32,4,4,0.0,0.8,0.9300296952564651,0.02768567829527926,0.9524945884588988,0.019127619047806077,0.9075648020540316,0.03632351390047175,0.8569230769230769,0.032737073423434786,0.9372635814889337,0.025005907993498395,0.9742700854700855,0.01423279685768029,0.9733578885067333,0.006336111603415271
135,300,log_loss,0.3,16,4,2,0.0,0.8,0.9300296952564651,0.02768567829527926,0.9524945884588988,0.019127619047806077,0.9075648020540316,0.03632351390047175,0.8569230769230769,0.032737073423434786,0.9372635814889337,0.025005907993498395,0.9742700854700855,0.014670190240778567,0.9725517141208181,0.006676129004649232
135,300,entropy,0.3,,4,8,0.001,0.8,0.9300296952564651,0.02768567829527926,0.9524945884588988,0.019127619047806077,0.9075648020540316,0.03632351390047175,0.8569230769230769,0.032737073423434786,0.9372635814889337,0.025005907993498395,0.9730188034188034,0.01582374096087684,0.9685598321877087,0.007151935093518207
135,300,entropy,0.3,,4,4,0.0,0.8,0.9300296952564651,0.02768567829527926,0.9524945884588988,0.019127619047806077,0.9075648020540316,0.03632351390047175,0.8569230769230769,0.032737073423434786,0.9372635814889337,0.025005907993498395,0.9730188034188034,0.01582374096087684,0.9685598321877087,0.007151935093518207
135,300,log_loss,0.3,,4,4,0.001,0.8,0.9300296952564651,0.02768567829527926,0.9524945884588988,0.019127619047806077,0.9075648020540316,0.03632351390047175,0.8569230769230769,0.032737073423434786,0.9372635814889337,0.025005907993498395,0.9730188034188034,0.01582374096087684,0.9685598321877087,0.007151935093518207
140,300,log_loss,0.3,32,1,4,0.001,0.8,0.9299864074483006,0.021904277694329635,0.9525916863119572,0.014569375100282904,0.9073811285846439,0.029310200543812722,0.8569230769230769,0.032737073423434786,0.9373038229376258,0.019428161341543505,0.9780102564102563,0.012515443188784933,1.0,0.0
141,200,entropy,0.3,32,1,2,0.0,0.8,0.9299136038587796,0.02205942452613238,0.9525916863119572,0.014569375100282904,0.907235521405602,0.029594304868616837,0.8569230769230769,0.032737073423434786,0.9372635814889335,0.019503781053827326,0.977025641025641,0.013288427557908905,1.0,0.0
142,200,entropy,0.5,,4,4,0.0,0.8,0.9297009832330521,0.026097072435512278,0.952864809512666,0.017333058451303538,0.9065371569534382,0.034898161481559414,0.8495384615384616,0.04514172291715275,0.937344064386318,0.023140617549940422,0.9716034188034188,0.016835093395638073,0.9709703980521509,0.004813302751034319
142,200,entropy,0.5,,4,4,0.001,0.8,0.9297009832330521,0.026097072435512278,0.952864809512666,0.017333058451303538,0.9065371569534382,0.034898161481559414,0.8495384615384616,0.04514172291715275,0.937344064386318,0.023140617549940422,0.9716034188034188,0.016835093395638073,0.9709703980521509,0.004813302751034319
142,200,entropy,0.5,,4,2,0.0,0.8,0.9297009832330521,0.026097072435512278,0.952864809512666,0.017333058451303538,0.9065371569534382,0.034898161481559414,0.8495384615384616,0.04514172291715275,0.937344064386318,0.023140617549940422,0.9716034188034188,0.016835093395638073,0.9709703980521509,0.004813302751034319
145,200,gini,sqrt,,1,8,0.0,1.0,0.9280077063819737,0.0250164577358396,0.9494844854994249,0.018435927886918873,0.9065309272645228,0.03169336773482761,0.8809230769230769,0.025365493963723035,0.9344466800804829,0.023273129651532207,0.976417094017094,0.013733149072465598,0.991459778925001,0.0038043401473573176
145,100,gini,sqrt,16,2,8,0.0,,0.9280077063819737,0.0250164577358396,0.9494844854994249,0.018435927886918873,0.9065309272645228,0.03169336773482761,0.8809230769230769,0.025365493963723035,0.9344466800804829,0.023273129651532207,0.9751863247863248,0.014102427764168726,0.984408066405209,0.006088731654851354
145,100,gini,sqrt,16,2,8,0.0,1.0,0.9280077063819737,0.0250164577358396,0.9494844854994249,0.018435927886918873,0.9065309272645228,0.03169336773482761,0.8809230769230769,0.025365493963723035,0.9344466800804829,0.023273129651532207,0.9751863247863248,0.014102427764168726,0.984408066405209,0.006088731654851354
148,200,gini,0.5,,1,4,0.001,,0.9278823782914843,0.03212454926166898,0.9495403178713138,0.02296901541394817,0.906224438711655,0.041324588387180686,0.8806153846153846,0.036479385440686636,0.9344064386317907,0.029510731051079247,0.9728752136752137,0.01419958092597198,0.9992254792519397,0.0015490414961204734
149,300,gini,sqrt,,1,2,0.001,0.8,0.9277569286239704,0.020545363853063,0.9496740574982535,0.015712376062805386,0.9058397997496872,0.025472400362829026,0.8729230769230769,0.016558306519475343,0.9344466800804829,0.019451818877795957,0.9787213675213675,0.01279766579637219,1.0,0.0
150,200,entropy,0.3,32,1,8,0.001,0.8,0.9277269039353578,0.030391530777621044,0.9497304036153966,0.021953991282775198,0.9057234042553193,0.03887804313900063,0.8729230769230769,0.0302353686068634,0.9344466800804827,0.02804525847555522,0.9746393162393161,0.013368044233112511,0.9851895641867976,0.006756160032263371
151,200,entropy,sqrt,,1,8,0.0,1.0,0.9276634929858393,0.015754737620691264,0.9497777024284739,0.011605663343760054,0.9055492835432044,0.019996094123514708,0.8729230769230769,0.016558306519475343,0.9344466800804829,0.014666558953351354,0.978017094017094,0.013815485715486983,0.9914300802763455,0.004565761726048953
151,100,gini,sqrt,16,2,2,0.001,0.8,0.9276634929858393,0.015754737620691264,0.9497777024284739,0.011605663343760054,0.9055492835432044,0.019996094123514708,0.8729230769230769,0.016558306519475343,0.9344466800804829,0.014666558953351354,0.9736478632478633,0.015493621799258863,0.9843832703828082,0.005552616495009672
151,200,gini,sqrt,16,4,4,0.0,1.0,0.9276634929858393,0.015754737620691264,0.9497777024284739,0.011605663343760054,0.9055492835432044,0.019996094123514708,0.8729230769230769,0.016558306519475343,0.9344466800804829,0.014666558953351354,0.9741128205128206,0.01382608062740042,0.9726160277179794,0.00438034571095848
154,300,gini,0.5,16,1,2,0.0,0.8,0.9276306736741521,0.02746631531699744,0.9498327759197325,0.019183452039732412,0.9054285714285715,0.035762950970683625,0.8729230769230769,0.0302353686068634,0.9344466800804829,0.024965400394110493,0.9711931623931622,0.013545532125860649,0.9937833989302426,0.0019139546550747094
155,100,gini,0.3,,2,2,0.0,,0.9275591982800746,0.02144403171938522,0.9498779855021089,0.01492735240384445,0.9052404110580403,0.028005304998658578,0.8729230769230769,0.0302353686068634,0.9344466800804829,0.019451818877795957,0.9745641025641026,0.013538686003491885,0.9890706492035726,0.006761905195772635
156,100,log_loss,0.3,32,4,4,0.001,0.8,0.9275513546132448,0.03335625735257847,0.9498686666732981,0.024136016304264717,0.9052340425531915,0.0426071915053013,0.8652307692307692,0.03116058806442381,0.9344466800804829,0.030818855090401262,0.9737299145299145,0.01525233309977475,0.9733505546234932,0.007652771436037607
157,200,log_loss,0.5,,1,2,0.0,0.8,0.9274781302627169,0.03051474780994049,0.949875930521092,0.021881297950420438,0.9050803300043422,0.039152341941820344,0.8649230769230769,0.02041927387450716,0.9344064386317908,0.028093604149484037,0.9735623931623932,0.016248596898240673,1.0,0.0
158,300,gini,0.3,,2,2,0.0,1.0,0.9274348424545525,0.02538167703744061,0.9499730283741504,0.018047177410806796,0.9048966565349543,0.032736576030001255,0.8649230769230769,0.02041927387450716,0.9344466800804829,0.023273129651532234,0.9744478632478633,0.013808404381324668,0.9929889828030675,0.006264334083971995
159,100,log_loss,sqrt,16,4,2,0.0,1.0,0.9273695653813526,0.02122210715249305,0.9500197791922897,0.01509209090428985,0.9047193515704153,0.027394078865139768,0.8649230769230769,0.02041927387450716,0.9344466800804829,0.019451818877795957,0.9769162393162393,0.017449358303214237,0.9796823845399889,0.003026481400605876
159,100,log_loss,sqrt,16,4,8,0.001,1.0,0.9273695653813526,0.02122210715249305,0.9500197791922897,0.01509209090428985,0.9047193515704153,0.027394078865139768,0.8649230769230769,0.02041927387450716,0.9344466800804829,0.019451818877795957,0.9769162393162393,0.017449358303214237,0.9796823845399889,0.003026481400605876
159,200,entropy,sqrt,16,2,4,0.001,,0.9273695653813526,0.02122210715249305,0.9500197791922897,0.01509209090428985,0.9047193515704153,0.027394078865139768,0.8649230769230769,0.02041927387450716,0.9344466800804829,0.019451818877795957,0.9794119658119659,0.013326395740592273,0.9922080457161305,0.004952120533231352
159,200,log_loss,sqrt,32,4,2,0.001,,0.9273695653813526,0.02122210715249305,0.9500197791922897,0.01509209090428985,0.9047193515704153,0.027394078865139768,0.8649230769230769,0.02041927387450716,0.9344466800804829,0.019451818877795957,0.9781606837606838,0.014341485482986702,0.9804643317683613,0.00658467303156952
159,200,entropy,sqrt,,4,4,0.001,1.0,0.9273695653813526,0.02122210715249305,0.9500197791922897,0.01509209090428985,0.9047193515704153,0.027394078865139768,0.8649230769230769,0.02041927387450716,0.9344466800804829,0.019451818877795957,0.9754871794871794,0.016365637346656907,0.9812523895859012,0.005204647057030082
159,200,entropy,sqrt,,4,2,0.001,1.0,0.9273695653813526,0.02122210715249305,0.9500197791922897,0.01509209090428985,0.9047193515704153,0.027394078865139768,0.8649230769230769,0.02041927387450716,0.9344466800804829,0.019451818877795957,0.9754871794871794,0.016365637346656907,0.9812523895859012,0.005204647057030082
159,100,entropy,sqrt,16,1,2,0.001,,0.9273695653813526,0.02122210715249305,0.9500197791922897,0.01509209090428985,0.9047193515704153,0.027394078865139768,0.8649230769230769,0.02041927387450716,0.9344466800804829,0.019451818877795957,0.9780034188034188,0.012190699412501857,0.9945613643700277,0.0019180560198318335
159,200,entropy,sqrt,32,4,8,0.001,,0.9273695653813526,0.02122210715249305,0.9500197791922897,0.01509209090428985,0.9047193515704153,0.027394078865139768,0.8649230769230769,0.02041927387450716,0.9344466800804829,0.019451818877795957,0.9781606837606838,0.014341485482986702,0.9804643317683613,0.00658467303156952
159,200,log_loss,sqrt,16,1,4,0.0,,0.9273695653813526,0.02122210715249305,0.9500197791922897,0.01509209090428985,0.9047193515704153,0.027394078865139768,0.8649230769230769,0.02041927387450716,0.9344466800804829,0.019451818877795957,0.9806564102564101,0.012013431983878154,0.9945613643700277,0.0019180560198318335
159,100,log_loss,sqrt,16,2,2,0.0,1.0,0.9273695653813526,0.02122210715249305,0.9500197791922897,0.01509209090428985,0.9047193515704153,0.027394078865139768,0.8649230769230769,0.02041927387450716,0.9344466800804829,0.019451818877795957,0.977634188034188,0.014887754870607468,0.9906396517714994,0.005326060518432681
159,200,log_loss,sqrt,16,4,2,0.0,,0.9273695653813526,0.02122210715249305,0.9500197791922897,0.01509209090428985,0.9047193515704153,0.027394078865139768,0.8649230769230769,0.02041927387450716,0.9344466800804829,0.019451818877795957,0.9778051282051281,0.014169237265326966,0.9804643317683613,0.00658467303156952
159,200,log_loss,sqrt,,4,8,0.0,,0.9273695653813526,0.02122210715249305,0.9500197791922897,0.01509209090428985,0.9047193515704153,0.027394078865139768,0.8649230769230769,0.02041927387450716,0.9344466800804829,0.019451818877795957,0.9754871794871794,0.016365637346656907,0.9812523895859012,0.005204647057030082
159,200,gini,sqrt,32,4,8,0.001,0.8,0.9273695653813526,0.02122210715249305,0.9500197791922897,0.01509209090428985,0.9047193515704153,0.027394078865139768,0.8649230769230769,0.02041927387450716,0.9344466800804829,0.019451818877795957,0.9730119658119658,0.01606406343289844,0.9662688261663297,0.0032532576763783156
159,300,gini,sqrt,16,4,8,0.0,0.8,0.9273695653813526,0.02122210715249305,0.9500197791922897,0.01509209090428985,0.9047193515704153,0.027394078865139768,0.8649230769230769,0.02041927387450716,0.9344466800804829,0.019451818877795957,0.9731897435897437,0.01558231041866972,0.9662688261663297,0.0032532576763783156
159,100,entropy,sqrt,16,4,4,0.0,,0.9273695653813526,0.02122210715249305,0.9500197791922897,0.01509209090428985,0.9047193515704153,0.027394078865139768,0.8649230769230769,0.02041927387450716,0.9344466800804829,0.019451818877795957,0.9769162393162393,0.017449358303214237,0.9796823845399889,0.003026481400605876
159,200,log_loss,sqrt,16,4,8,0.0,,0.9273695653813526,0.02122210715249305,0.9500197791922897,0.01509209090428985,0.9047193515704153,0.027394078865139768,0.8649230769230769,0.02041927387450716,0.9344466800804829,0.019451818877795957,0.9778051282051281,0.014169237265326966,0.9804643317683613,0.00658467303156952
159,200,entropy,sqrt,32,4,2,0.0,1.0,0.9273695653813526,0.02122210715249305,0.9500197791922897,0.01509209090428985,0.9047193515704153,0.027394078865139768,0.8649230769230769,0.02041927387450716,0.9344466800804829,0.019451818877795957,0.9781606837606838,0.014341485482986702,0.9804643317683613,0.00658467303156952
159,200,log_loss,sqrt,,4,4,0.001,,0.9273695653813526,0.02122210715249305,0.9500197791922897,0.01509209090428985,0.9047193515704153,0.027394078865139768,0.8649230769230769,0.02041927387450716,0.9344466800804829,0.019451818877795957,0.9754871794871794,0.016365637346656907,0.9812523895859012,0.005204647057030082
159,200,log_loss,sqrt,,4,2,0.0,,0.9273695653813526,0.02122210715249305,0.9500197791922897,0.01509209090428985,0.9047193515704153,0.027394078865139768,0.8649230769230769,0.02041927387450716,0.9344466800804829,0.019451818877795957,0.9754871794871794,0.016365637346656907,0.9812523895859012,0.005204647057030082
159,100,log_loss,sqrt,32,2,2,0.001,,0.9273695653813526,0.02122210715249305,0.9500197791922897,0.01509209090428985,0.9047193515704153,0.027394078865139768,0.8649230769230769,0.02041927387450716,0.9344466800804829,0.019451818877795957,0.9771897435897436,0.01487815798640083,0.9992254792519397,0.0015490414961204734
179,100,gini,0.5,16,2,4,0.001,0.8,0.9273042883081526,0.03269399232967029,0.950066530010429,0.02244695599532541,0.9045420466058763,0.04298696216629644,0.8649230769230769,0.04119401346751892,0.9344466800804829,0.02946471068960165,0.9721709401709402,0.01235061839972898,0.9804393654250847,0.004330436771763064
180,100,log_loss,sqrt,,2,4,0.0,0.8,0.9272691056667959,0.019168260635867247,0.9500577919688062,0.013182310347151598,0.9044804193647857,0.025345481937928273,0.8649230769230769,0.032510717395377926,0.9344466800804829,0.017226160471601196,0.9796786324786325,0.013621271389304516,0.9906499855986144,0.005314782581267675
180,300,entropy,sqrt,16,2,2,0.001,0.8,0.9272691056667959,0.019168260635867247,0.9500577919688062,0.013182310347151598,0.9044804193647857,0.025345481937928273,0.8649230769230769,0.032510717395377926,0.9344466800804829,0.017226160471601196,0.9792341880341879,0.013517580374473969,0.9890853184361899,0.00458022519427455
180,300,gini,sqrt,,4,8,0.001,,0.9272691056667959,0.019168260635867247,0.9500577919688062,0.013182310347151598,0.9044804193647857,0.025345481937928273,0.8649230769230769,0.032510717395377926,0.9344466800804829,0.017226160471601196,0.9740854700854701,0.01528036090767875,0.9734220532473543,0.0038528071596134446
183,100,log_loss,sqrt,,4,8,0.0,,0.9272259558203129,0.027811143823302225,0.9501102967337935,0.018972596924251003,0.9043416149068323,0.03674049031212169,0.8649230769230769,0.04119401346751892,0.9344466800804829,0.024965400394110493,0.9745982905982906,0.018454319576279417,0.9788757423464256,0.003196982440343316
183,100,entropy,sqrt,,4,8,0.0,1.0,0.9272259558203129,0.027811143823302225,0.9501102967337935,0.018972596924251003,0.9043416149068323,0.03674049031212169,0.8649230769230769,0.04119401346751892,0.9344466800804829,0.024965400394110493,0.9745982905982906,0.018454319576279417,0.9788757423464256,0.003196982440343316
185,100,entropy,0.5,32,2,8,0.0,0.8,0.9271494182393039,0.029052242267250485,0.950246151574859,0.02037889274312435,0.9040526849037487,0.037766169797658955,0.8575384615384616,0.0387448030491008,0.9344869215291751,0.026455684500537455,0.9732239316239317,0.01451072277028086,0.9804254604494123,0.00898650399209899
186,100,log_loss,sqrt,,4,2,0.001,0.8,0.9269573210111925,0.025875135424316686,0.9502505491882115,0.01782070055962649,0.9036640928341735,0.034016128720735304,0.8569230769230769,0.032737073423434786,0.9344064386317907,0.02333136590352638,0.9762051282051282,0.017226264504085088,0.9718489291913368,0.004636546797988405
187,200,entropy,0.3,,4,2,0.0,0.8,0.9267892982054005,0.02565063215354637,0.9504355630642521,0.017889516575088853,0.9031430333465484,0.03349018887398391,0.8492307692307692,0.029704660642823795,0.9344466800804829,0.023273129651532234,0.9733811965811967,0.01594282427906465,0.9693797358442329,0.005808215083209454
188,300,entropy,0.5,16,4,2,0.001,0.8,0.9267447003854649,0.02937183138806991,0.9505236723889201,0.020174846483393717,0.9029657283820096,0.0386544627406272,0.8495384615384616,0.04514172291715275,0.9344869215291751,0.026455684500537455,0.9732034188034188,0.015185959965909327,0.970148539378761,0.00407550240818868
188,300,entropy,0.5,32,4,4,0.0,0.8,0.9267447003854649,0.02937183138806991,0.9505236723889201,0.020174846483393717,0.9029657283820096,0.0386544627406272,0.8495384615384616,0.04514172291715275,0.9344869215291751,0.026455684500537455,0.9732034188034188,0.015185959965909327,0.970148539378761,0.00407550240818868
190,100,gini,sqrt,16,2,2,0.0,1.0,0.9247395009171016,0.020129574839544657,0.9473806986831554,0.015378828241770396,0.9020983031510476,0.02497640878803782,0.8729230769230769,0.016558306519475343,0.93158953722334,0.019051680544872395,0.9749948717948719,0.013185480473513565,0.985939259695764,0.005346711244616052
191,300,gini,0.5,32,1,4,0.001,1.0,0.9247198067632851,0.031728962738763855,0.9474396135265701,0.022781043408099166,0.9020000000000001,0.04070762964250207,0.8729230769230769,0.0302353686068634,0.9315895372233399,0.02920209667046558,0.9731282051282051,0.013484429864984855,1.0,0.0
191,300,gini,0.5,32,1,2,0.0,0.8,0.9247198067632851,0.031728962738763855,0.9474396135265701,0.022781043408099166,0.9020000000000001,0.04070762964250207,0.8729230769230769,0.0302353686068634,0.9315895372233399,0.02920209667046558,0.9709264957264958,0.013586749764300445,1.0,0.0
191,100,gini,0.3,32,2,4,0.0,1.0,0.9247198067632851,0.031728962738763855,0.9474396135265701,0.022781043408099166,0.9020000000000001,0.04070762964250207,0.8729230769230769,0.0302353686068634,0.9315895372233399,0.02920209667046558,0.9712683760683761,0.016575092364807285,0.9898486146433576,0.007285038859028809
194,200,log_loss,sqrt,,1,2,0.0,1.0,0.9243521376744838,0.020763621028042863,0.9477264203771918,0.014798193545273725,0.9009778549717758,0.02677739842607986,0.8649230769230769,0.02041927387450716,0.93158953722334,0.019051680544872395,0.9818051282051282,0.01254622415396704,1.0,0.0
195,200,entropy,sqrt,32,2,2,0.001,0.8,0.9242516779599275,0.018643124259537906,0.9477644331537084,0.012851575168082462,0.9007389227661463,0.024641408973434076,0.8649230769230769,0.032510717395377926,0.93158953722334,0.016773010419201602,0.9812034188034188,0.01067040039846671,0.9898720201588294,0.004705885931520031
196,200,entropy,0.5,,4,2,0.001,1.0,0.9241525950019728,0.03623366251726828,0.9478583814933075,0.025678139080026332,0.9004468085106383,0.04686702553599301,0.8572307692307692,0.04038161160990257,0.93158953722334,0.033130958469909835,0.9756786324786326,0.015323191340434838,0.9788768585411696,0.005896125785216258
197,300,gini,0.5,,4,8,0.001,,0.9240406540018782,0.04020037180309148,0.9479927278908603,0.028193161729049347,0.9000885801128963,0.05230410444053321,0.8575384615384616,0.058490680995468045,0.9316297786720323,0.03657578012765345,0.9696615384615385,0.01558139827616525,0.9661706045351913,0.005424037852038654
198,100,gini,sqrt,,4,8,0.0,0.8,0.9239577503554408,0.02340355749488969,0.9480065099175242,0.016100232977723547,0.8999089907933572,0.03081892711386969,0.8569230769230769,0.032737073423434786,0.93158953722334,0.021085520734501532,0.9715897435897436,0.016002045307215315,0.9702056082253817,0.004077081674279605
198,300,entropy,sqrt,16,2,8,0.001,0.8,0.9239577503554408,0.02340355749488969,0.9480065099175242,0.016100232977723547,0.8999089907933572,0.03081892711386969,0.8569230769230769,0.032737073423434786,0.93158953722334,0.021085520734501532,0.978694017094017,0.013817421280216397,0.9844081540552878,0.006564952943547931
198,300,entropy,sqrt,16,4,4,0.001,1.0,0.9239577503554408,0.02340355749488969,0.9480065099175242,0.016100232977723547,0.8999089907933572,0.03081892711386969,0.8569230769230769,0.032737073423434786,0.93158953722334,0.021085520734501532,0.9772717948717948,0.014265850243208884,0.9812518663397081,0.005205179720674419
198,300,log_loss,sqrt,16,4,8,0.001,1.0,0.9239577503554408,0.02340355749488969,0.9480065099175242,0.016100232977723547,0.8999089907933572,0.03081892711386969,0.8569230769230769,0.032737073423434786,0.93158953722334,0.021085520734501532,0.9772717948717948,0.014265850243208884,0.9812518663397081,0.005205179720674419
198,300,log_loss,sqrt,32,4,2,0.0,1.0,0.9239577503554408,0.02340355749488969,0.9480065099175242,0.016100232977723547,0.8999089907933572,0.03081892711386969,0.8569230769230769,0.032737073423434786,0.93158953722334,0.021085520734501532,0.9776273504273503,0.014240776851243215,0.9820227365029949,0.0053281300169379835
198,300,entropy,sqrt,,4,2,0.0,1.0,0.9239577503554408,0.02340355749488969,0.9480065099175242,0.016100232977723547,0.8999089907933572,0.03081892711386969,0.8569230769230769,0.032737073423434786,0.93158953722334,0.021085520734501532,0.9756717948717949,0.01574321816241619,0.9812571652885221,0.004568194934177545
198,100,entropy,sqrt,16,2,8,0.001,0.8,0.9239577503554408,0.02340355749488969,0.9480065099175242,0.016100232977723547,0.8999089907933572,0.03081892711386969,0.8569230769230769,0.032737073423434786,0.93158953722334,0.021085520734501532,0.9785299145299146,0.016231620308674817,0.9828278736173186,0.007292218482332269
198,200,log_loss,sqrt,32,4,4,0.001,0.8,0.9239577503554408,0.02340355749488969,0.9480065099175242,0.016100232977723547,0.8999089907933572,0.03081892711386969,0.8569230769230769,0.032737073423434786,0.93158953722334,0.021085520734501532,0.9762119658119659,0.01552486725859155,0.9725773108130762,0.005685642904168291
198,300,log_loss,sqrt,32,4,2,0.001,1.0,0.9239577503554408,0.02340355749488969,0.9480065099175242,0.016100232977723547,0.8999089907933572,0.03081892711386969,0.8569230769230769,0.032737073423434786,0.93158953722334,0.021085520734501532,0.9776273504273503,0.014240776851243215,0.9820227365029949,0.0053281300169379835
198,200,entropy,sqrt,16,4,8,0.0,0.8,0.9239577503554408,0.02340355749488969,0.9480065099175242,0.016100232977723547,0.8999089907933572,0.03081892711386969,0.8569230769230769,0.032737073423434786,0.93158953722334,0.021085520734501532,0.9762119658119659,0.01552486725859155,0.9725773108130762,0.005685642904168291
208,100,log_loss,sqrt,16,1,4,0.0,0.8,0.9237715860428828,0.024228938787097868,0.9480869073103516,0.015622179266167862,0.8994562647754136,0.03307870487920151,0.8569230769230769,0.048494494288850575,0.93158953722334,0.02108552073450153,0.9794461538461536,0.012924531189371799,0.9922167819989849,0.004280633522226078
208,100,log_loss,sqrt,32,1,4,0.0,0.8,0.9237715860428828,0.024228938787097868,0.9480869073103516,0.015622179266167862,0.8994562647754136,0.03307870487920151,0.8569230769230769,0.048494494288850575,0.93158953722334,0.02108552073450153,0.9787213675213675,0.012966338297606636,0.9976764377558194,0.0018971806279463042
208,100,entropy,sqrt,16,1,4,0.001,0.8,0.9237715860428828,0.024228938787097868,0.9480869073103516,0.015622179266167862,0.8994562647754136,0.03307870487920151,0.8569230769230769,0.048494494288850575,0.93158953722334,0.02108552073450153,0.9794461538461536,0.012924531189371799,0.9922167819989849,0.004280633522226078
211,100,entropy,0.5,,4,8,0.0,1.0,0.9237506586280319,0.03227288343750462,0.9482358663948685,0.02221793234339699,0.8992654508611956,0.04238063266040188,0.8495384615384616,0.04514172291715275,0.9316297786720323,0.02912029830855275,0.9762256410256411,0.015393541190401846,0.9788471692887228,0.008879446680170523
211,100,entropy,0.5,16,1,2,0.0,0.8,0.9237506586280319,0.03227288343750462,0.9482358663948685,0.02221793234339699,0.8992654508611956,0.04238063266040188,0.8495384615384616,0.04514172291715275,0.9316297786720323,0.02912029830855275,0.9746324786324786,0.015074217250460376,1.0,0.0
213,200,gini,sqrt,16,1,8,0.001,0.8,0.921978532839647,0.019282553268620137,0.9449455461778768,0.014466334356346653,0.8990115195014177,0.024229463332897487,0.8809230769230769,0.025365493963723035,0.9287726358148894,0.01807463829967788,0.9774837606837607,0.0127990722141657,0.9836549501980946,0.006274895597155834
214,300,gini,0.5,16,1,8,0.0,0.8,0.9219469584935422,0.038262713892403516,0.9449551414768808,0.027198487736406877,0.8989387755102041,0.04933584723681077,0.8809230769230769,0.043856678898699895,0.928732394366197,0.03505984110880118,0.9704683760683761,0.013549894162729491,0.9813148142315778,0.0045274385769815476
215,100,gini,0.5,32,4,2,0.0,0.8,0.9217338969076335,0.04624773011358639,0.945053518121356,0.03464787470011966,0.8984142756939109,0.05799486983348995,0.8655384615384616,0.0525028035317946,0.9287726358148893,0.04333258540437497,0.967965811965812,0.015357819018705856,0.9606392118112476,0.0057282481877027796
216,100,gini,0.5,32,2,8,0.001,0.8,0.9214394046399358,0.034625047868849755,0.9453327099890915,0.024077424789746893,0.8975460992907802,0.04526017761656936,0.8729230769230769,0.05323699385570994,0.928732394366197,0.0313734680803814,0.9706529914529914,0.012336312402675225,0.968607406149723,0.006610937955280077
217,200,entropy,sqrt,16,1,2,0.0,0.8,0.920940322648572,0.022536344407225836,0.9457131511024264,0.015530567555633975,0.8961674941947176,0.029671600581673292,0.8569230769230769,0.032737073423434786,0.9287323943661973,0.020319102538304667,0.9797811965811967,0.011639800128772306,0.9945613643700277,0.0019180560198318335
218,300,gini,0.5,32,4,2,0.0,,0.9209271960170817,0.036033324751408746,0.9458017071304147,0.024882984851935897,0.8960526849037487,0.047227744737377814,0.8575384615384616,0.058490680995468045,0.9287726358148894,0.03257892612127053,0.967863247863248,0.016355464082298585,0.9670045753511667,0.005962400172734944
219,200,gini,0.5,16,4,4,0.0,1.0,0.9177302659630087,0.032134429899265904,0.9436527449814525,0.022365248879118553,0.891807786944565,0.041948025615274685,0.8495384615384616,0.04514172291715275,0.9259154929577467,0.02915975454171278,0.9682051282051283,0.0169710448559758,0.966204299662276,0.005954644134400106
219,300,gini,0.5,16,4,8,0.001,,0.9177302659630087,0.032134429899265904,0.9436527449814525,0.022365248879118553,0.891807786944565,0.041948025615274685,0.8495384615384616,0.04514172291715275,0.9259154929577467,0.02915975454171278,0.9689299145299145,0.015888138444735984,0.966204299662276,0.005954644134400106
