threshold,macro_f1,accuracy,b_recall,b_f1,g_recall,g_f1
0.0,0.9563556913457439,0.9601139601139601,0.9285714285714286,0.9435483870967742,0.9777777777777777,0.9691629955947136
0.03746283983094467,0.9563556913457439,0.9601139601139601,0.9285714285714286,0.9435483870967742,0.9777777777777777,0.9691629955947136
0.09208113151263908,0.9533232266815608,0.9572649572649573,0.9285714285714286,0.9397590361445783,0.9733333333333334,0.9668874172185431
-0.025740183595741928,0.9531521110468479,0.9572649572649573,0.9206349206349206,0.9392712550607287,0.9777777777777777,0.967032967032967
0.1420032673591144,0.9503008849557522,0.9544159544159544,0.9285714285714286,0.936,0.9688888888888889,0.9646017699115044
-0.05332765520212879,0.9499358151476252,0.9544159544159544,0.9126984126984127,0.9349593495934959,0.9777777777777777,0.9649122807017544
-0.08327344525666203,0.9497458658458015,0.9544159544159544,0.9047619047619048,0.9344262295081968,0.9822222222222222,0.9650655021834061
0.33799974341257866,0.9478249464434049,0.9515669515669516,0.9523809523809523,0.933852140077821,0.9511111111111111,0.9617977528089887
0.2571634225178263,0.9476510067114094,0.9515669515669516,0.9444444444444444,0.9333333333333333,0.9555555555555556,0.9619686800894854
0.18715588560160024,0.9472884515154459,0.9515669515669516,0.9285714285714286,0.9322709163346613,0.9644444444444444,0.9623059866962306
-0.07091217293772367,0.9467065600857411,0.9515669515669516,0.9047619047619048,0.9306122448979591,0.9777777777777777,0.962800875273523
-0.09223826025642157,0.9465020576131686,0.9515669515669516,0.8968253968253969,0.9300411522633745,0.9822222222222222,0.9629629629629629
0.36913708656309685,0.9448460087994972,0.9487179487179487,0.9523809523809523,0.9302325581395349,0.9466666666666667,0.9594594594594594
0.2874472434885851,0.9446643778026906,0.9487179487179487,0.9444444444444444,0.9296875,0.9511111111111111,0.9596412556053812
0.24571842060329452,0.9444776434195725,0.9487179487179487,0.9365079365079365,0.9291338582677166,0.9555555555555556,0.9598214285714286
0.20627005189035952,0.9442857142857143,0.9487179487179487,0.9285714285714286,0.9285714285714286,0.96,0.96
-0.10151749747396521,0.9432446999640676,0.9487179487179487,0.8888888888888888,0.9256198347107438,0.9822222222222222,0.9608695652173913
0.38764368979339403,0.9418757680608696,0.9458689458689459,0.9523809523809523,0.9266409266409267,0.9422222222222222,0.9571106094808126
0.22722399114528657,0.9412924637094289,0.9458689458689459,0.9285714285714286,0.924901185770751,0.9555555555555556,0.9576837416481069
-0.10298540296595349,0.9399735375919208,0.9458689458689459,0.8809523809523809,0.921161825726141,0.9822222222222222,0.9587852494577006
0.40088457558695756,0.9389140271493213,0.9430199430199431,0.9523809523809523,0.9230769230769231,0.9377777777777778,0.9547511312217195
-0.11497856930944461,0.9366883116883117,0.9430199430199431,0.873015873015873,0.9166666666666666,0.9822222222222222,0.9567099567099567
-0.17631158436769712,0.9364314691393798,0.9430199430199431,0.8650793650793651,0.9159663865546218,0.9866666666666667,0.9568965517241379
0.4226493812313602,0.9359605911330049,0.9401709401709402,0.9523809523809523,0.9195402298850575,0.9333333333333333,0.9523809523809523
-0.14487701902021033,0.9333887598615542,0.9401709401709402,0.8650793650793651,0.9121338912133892,0.9822222222222222,0.9546436285097192
-0.2040047462201824,0.9331155573703552,0.9401709401709402,0.8571428571428571,0.9113924050632911,0.9866666666666667,0.9548387096774194
0.44289461411482534,0.9330152671755725,0.9373219373219374,0.9523809523809523,0.916030534351145,0.9288888888888889,0.95
0.4631558117371495,0.9302879841112215,0.9344729344729344,0.9603174603174603,0.9132075471698113,0.92,0.9473684210526315
0.4452627448841072,0.9300778644863457,0.9344729344729344,0.9523809523809523,0.9125475285171103,0.9244444444444444,0.9476082004555809
-0.25199736661999667,0.9297846802938823,0.9373219373219374,0.8492063492063492,0.9067796610169492,0.9866666666666667,0.9527896995708155
0.48536182854517596,0.9273642822652963,0.9316239316239316,0.9603174603174603,0.9097744360902256,0.9155555555555556,0.944954128440367
0.4486813833528063,0.9271481942714819,0.9316239316239316,0.9523809523809523,0.9090909090909091,0.92,0.9452054794520548
-0.30991539594008005,0.9264385621212812,0.9344729344729344,0.8412698412698413,0.902127659574468,0.9866666666666667,0.9507494646680942
0.5042242306012823,0.9244478884153429,0.9287749287749287,0.9603174603174603,0.9063670411985019,0.9111111111111111,0.9425287356321839
-0.33924712798713896,0.9230769230769231,0.9316239316239316,0.8333333333333334,0.8974358974358975,0.9866666666666667,0.9487179487179487
0.5429808065155429,0.9215386202627416,0.9259259259259259,0.9603174603174603,0.9029850746268657,0.9066666666666666,0.9400921658986175
-0.3927688814709286,0.9196994793048858,0.9287749287749287,0.8253968253968254,0.8927038626609443,0.9866666666666667,0.9466950959488273
0.5752047636245391,0.9186362972947448,0.9230769230769231,0.9603174603174603,0.8996282527881041,0.9022222222222223,0.9376443418013857
-0.45476877884419176,0.9163059427732942,0.9259259259259259,0.8174603174603174,0.8879310344827587,0.9866666666666667,0.9446808510638298
0.585085893443854,0.9157407407407407,0.9202279202279202,0.9603174603174603,0.8962962962962963,0.8977777777777778,0.9351851851851852
-0.475106087331829,0.912896021176276,0.9230769230769231,0.8095238095238095,0.8831168831168831,0.9866666666666667,0.9426751592356688
0.5935006828993044,0.9128517735293362,0.9173789173789174,0.9603174603174603,0.8929889298892989,0.8933333333333333,0.9327146171693735
0.6037843747805428,0.9099692202462379,0.9145299145299145,0.9603174603174603,0.8897058823529411,0.8888888888888888,0.9302325581395349
-0.494424213342444,0.9094694178334561,0.9202279202279202,0.8015873015873016,0.8782608695652174,0.9866666666666667,0.940677966101695
0.6261719086197052,0.907092907092907,0.9116809116809117,0.9603174603174603,0.8864468864468864,0.8844444444444445,0.9277389277389277
-0.5102498818552643,0.9060258315869162,0.9173789173789174,0.7936507936507936,0.8733624454148472,0.9866666666666667,0.9386892177589852
-0.5259631123112471,0.9055970322281475,0.9173789173789174,0.7857142857142857,0.8722466960352423,0.9911111111111112,0.9389473684210526
0.6436532809591748,0.904222661845965,0.9088319088319088,0.9603174603174603,0.8832116788321168,0.88,0.9252336448598131
-0.5190758996626373,0.9025649566955363,0.9145299145299145,0.7857142857142857,0.868421052631579,0.9866666666666667,0.9367088607594937
-0.5367859434828799,0.902115713542054,0.9145299145299145,0.7777777777777778,0.8672566371681416,0.9911111111111112,0.9369747899159664
0.6501404974397713,0.9013583138173302,0.905982905982906,0.9603174603174603,0.88,0.8755555555555555,0.9227166276346604
-0.574736209269904,0.8986163522012578,0.9116809116809117,0.7698412698412699,0.8622222222222222,0.9911111111111112,0.9350104821802935
0.6857627308891888,0.8984996938150642,0.9031339031339032,0.9603174603174603,0.8768115942028986,0.8711111111111111,0.92018779342723
-0.6279031594044313,0.8981341921229766,0.9116809116809117,0.7619047619047619,0.8609865470852018,0.9955555555555555,0.9352818371607515
0.7227646395615893,0.8956466341049054,0.9002849002849003,0.9603174603174603,0.8736462093862816,0.8666666666666667,0.9176470588235294
-0.6046786371006782,0.8950986252241482,0.9088319088319088,0.7619047619047619,0.8571428571428571,0.9911111111111112,0.9330543933054394
-0.657222637898055,0.8945945945945946,0.9088319088319088,0.753968253968254,0.8558558558558559,0.9955555555555555,0.9333333333333333
0.7357990548651527,0.8927989683724719,0.8974358974358975,0.9603174603174603,0.8705035971223022,0.8622222222222222,0.9150943396226415
-0.6769851615536073,0.8910358322123029,0.905982905982906,0.746031746031746,0.8506787330316742,0.9955555555555555,0.9313929313929314
-0.7198533972308834,0.8904960435633456,0.905982905982906,0.7380952380952381,0.8493150684931506,1.0,0.9316770186335404
0.7580166159553491,0.889956531686113,0.8945868945868946,0.9603174603174603,0.8673835125448028,0.8577777777777778,0.9125295508274232
-0.6969913266628955,0.8874575631837043,0.9031339031339032,0.7380952380952381,0.8454545454545455,0.9955555555555555,0.9294605809128631
0.8007200336825804,0.8873860182370821,0.8917378917378918,0.9682539682539683,0.8652482269503546,0.8488888888888889,0.9095238095238095
0.7724090755165904,0.8871191604603927,0.8917378917378918,0.9603174603174603,0.8642857142857143,0.8533333333333334,0.909952606635071
-0.7400202144131086,0.8868943816817045,0.9031339031339032,0.7301587301587301,0.8440366972477065,1.0,0.9297520661157025
0.8015334583251067,0.8845560268854837,0.8888888888888888,0.9682539682539683,0.8621908127208481,0.8444444444444444,0.9069212410501193
0.7869536781326565,0.8842866924201824,0.8888888888888888,0.9603174603174603,0.8612099644128114,0.8488888888888889,0.9073634204275535
-0.7545083244262989,0.8832723644828733,0.9002849002849003,0.7222222222222222,0.8387096774193549,1.0,0.9278350515463918
0.8074565359871608,0.8817305748365792,0.886039886039886,0.9682539682539683,0.8591549295774648,0.84,0.9043062200956937
-0.7834520789330465,0.8796296296296297,0.8974358974358975,0.7142857142857143,0.8333333333333334,1.0,0.9259259259259259
0.8185804524578258,0.8789095039757667,0.8831908831908832,0.9682539682539683,0.856140350877193,0.8355555555555556,0.9016786570743405
0.8411301454136334,0.8760926573426573,0.8803418803418803,0.9682539682539683,0.8531468531468531,0.8311111111111111,0.8990384615384616
-0.8138173624853426,0.8759658087006351,0.8945868945868946,0.7063492063492064,0.827906976744186,1.0,0.9240246406570842
0.867188101669336,0.8732798790982746,0.8774928774928775,0.9682539682539683,0.8501742160278746,0.8266666666666667,0.8963855421686747
-0.8407805800564134,0.8722805270415198,0.8917378917378918,0.6984126984126984,0.822429906542056,1.0,0.9221311475409836
0.883027201315593,0.8704710144927537,0.8746438746438746,0.9682539682539683,0.8472222222222222,0.8222222222222222,0.893719806763285
-0.8573007656633573,0.8685734036118552,0.8888888888888888,0.6904761904761905,0.8169014084507042,1.0,0.9202453987730062
0.8916365302095556,0.8676659098335247,0.8717948717948718,0.9682539682539683,0.8442906574394463,0.8177777777777778,0.8910411622276029
0.8963467631575042,0.8648644124539673,0.8689458689458689,0.9682539682539683,0.8413793103448276,0.8133333333333334,0.8883495145631068
-0.8617440115924382,0.8648440508278783,0.886039886039886,0.6825396825396826,0.8113207547169812,1.0,0.9183673469387755
0.9109437637488706,0.8620663706825193,0.8660968660968661,0.9682539682539683,0.8384879725085911,0.8088888888888889,0.8856447688564477
-0.8767644237830823,0.8610920744008262,0.8831908831908832,0.6746031746031746,0.8056872037914692,1.0,0.9164969450101833
0.9492873702712742,0.8595438175270108,0.8632478632478633,0.9761904761904762,0.8367346938775511,0.8,0.8823529411764706
0.9316616268436421,0.8592716338122286,0.8632478632478633,0.9682539682539683,0.8356164383561644,0.8044444444444444,0.8829268292682927
-0.8911825845194121,0.8573170731707318,0.8803418803418803,0.6666666666666666,0.8,1.0,0.9146341463414634
0.9621553775268775,0.8567525923458126,0.8603988603988604,0.9761904761904762,0.8338983050847457,0.7955555555555556,0.8796068796068796
0.9412164215317698,0.8564800520707294,0.8603988603988604,0.9682539682539683,0.8327645051194539,0.8,0.8801955990220048
0.9686302388542205,0.8539641858607376,0.8575498575498576,0.9761904761904762,0.831081081081081,0.7911111111111111,0.8768472906403941
-0.8948634525105146,0.853518638935528,0.8774928774928775,0.6587301587301587,0.7942583732057417,1.0,0.9127789046653144
0.9718387142475525,0.8511784511784513,0.8547008547008547,0.9761904761904762,0.8282828282828283,0.7866666666666666,0.8740740740740741
-0.9037777234071297,0.8496963562753037,0.8746438746438746,0.6507936507936508,0.7884615384615384,1.0,0.9109311740890689
0.9738136065962273,0.8483952422087846,0.8518518518518519,0.9761904761904762,0.825503355704698,0.7822222222222223,0.8712871287128713
0.9835624481418445,0.8458753448604402,0.8490028490028491,0.9841269841269841,0.8239202657807309,0.7733333333333333,0.8678304239401496
-0.9151909662491864,0.8458498023715415,0.8717948717948718,0.6428571428571429,0.782608695652174,1.0,0.9090909090909091
0.9745098898046689,0.845614413636854,0.8490028490028491,0.9761904761904762,0.822742474916388,0.7777777777777778,0.8684863523573201
0.9879588162663457,0.8430960264900662,0.8461538461538461,0.9841269841269841,0.8211920529801324,0.7688888888888888,0.865
0.9786561970506288,0.8428358208955223,0.8461538461538461,0.9761904761904762,0.82,0.7733333333333333,0.8656716417910447
-0.9210788203139502,0.8419785468211713,0.8689458689458689,0.6349206349206349,0.7766990291262136,1.0,0.907258064516129
0.9910372150780399,0.8403186183279983,0.8433048433048433,0.9841269841269841,0.8184818481848185,0.7644444444444445,0.8621553884711779
-0.9364766307059063,0.838082151445257,0.8660968660968661,0.626984126984127,0.7707317073170732,1.0,0.9054325955734407
0.9935674304635272,0.8375429780481354,0.8404558404558404,0.9841269841269841,0.8157894736842105,0.76,0.8592964824120602
1.0041289932170148,0.8347689639509435,0.8376068376068376,0.9841269841269841,0.8131147540983606,0.7555555555555555,0.8564231738035264
-0.9537295088732783,0.8341601700921333,0.8632478632478633,0.6190476190476191,0.7647058823529411,1.0,0.9036144578313253
1.0157655301762898,0.8319964349376114,0.8347578347578347,0.9841269841269841,0.8104575163398693,0.7511111111111111,0.8535353535353535
-0.9591740574428972,0.8302121484348006,0.8603988603988604,0.6111111111111112,0.7586206896551724,1.0,0.9018036072144289
1.021043501907609,0.8292252504844762,0.8319088319088319,0.9841269841269841,0.8078175895765473,0.7466666666666667,0.850632911392405
1.0228343330203211,0.8264552706177072,0.8290598290598291,0.9841269841269841,0.8051948051948052,0.7422222222222222,0.8477157360406091
-0.9782694881580842,0.8262376237623763,0.8575498575498576,0.6031746031746031,0.7524752475247525,1.0,0.9
1.031031196131531,0.8236863558882384,0.8262108262108262,0.9841269841269841,0.8025889967637541,0.7377777777777778,0.8447837150127226
-1.0015579821572744,0.8222361247653946,0.8547008547008547,0.5952380952380952,0.746268656716418,1.0,0.8982035928143712
1.0394607379657086,0.8209183673469388,0.8233618233618234,0.9841269841269841,0.8,0.7333333333333333,0.8418367346938775
-1.0150227093012516,0.818207171314741,0.8518518518518519,0.5873015873015873,0.74,1.0,0.896414342629482
1.0416223804111353,0.8181511665200122,0.8205128205128205,0.9841269841269841,0.797427652733119,0.7288888888888889,0.8388746803069054
1.0453795488714914,0.8153846153846154,0.8176638176638177,0.9841269841269841,0.7948717948717948,0.7244444444444444,0.8358974358974359
-1.030392725812098,0.814150274233993,0.8490028490028491,0.5793650793650794,0.7336683417085427,1.0,0.8946322067594433
1.051296641503996,0.8126185763446865,0.8148148148148148,0.9841269841269841,0.792332268370607,0.72,0.8329048843187661
-1.047795175447672,0.8100649350649352,0.8461538461538461,0.5714285714285714,0.7272727272727273,1.0,0.8928571428571429
1.0558834709583802,0.8098529122069735,0.811965811965812,0.9841269841269841,0.7898089171974523,0.7155555555555555,0.8298969072164949
1.057581146881551,0.8070874861572536,0.8091168091168092,0.9841269841269841,0.7873015873015873,0.7111111111111111,0.8268733850129198
-1.0604114796849076,0.805950645826004,0.8433048433048433,0.5634920634920635,0.7208121827411168,1.0,0.8910891089108911
1.0639094949356371,0.8043221617367351,0.8062678062678063,0.9841269841269841,0.7848101265822784,0.7066666666666667,0.8238341968911918
-1.0648001626782126,0.8018068887634104,0.8404558404558404,0.5555555555555556,0.7142857142857143,1.0,0.8893280632411067
1.0716362593102695,0.8015568028186325,0.8034188034188035,0.9841269841269841,0.7823343848580442,0.7022222222222222,0.8207792207792208
1.0756611937628748,0.7987912735849056,0.8005698005698005,0.9841269841269841,0.779874213836478,0.6977777777777778,0.8177083333333334
-1.067504260641475,0.7976331360946746,0.8376068376068376,0.5476190476190477,0.7076923076923077,1.0,0.8875739644970414
1.0808906192633259,0.7960254385031552,0.7977207977207977,0.9841269841269841,0.7774294670846394,0.6933333333333334,0.814621409921671
-1.0683402810976081,0.7934288497442974,0.8347578347578347,0.5396825396825397,0.7010309278350515,1.0,0.8858267716535433
1.0912953207984306,0.7932591623036649,0.7948717948717948,0.9841269841269841,0.775,0.6888888888888889,0.8115183246073299
1.099982900366237,0.7904923099565826,0.792022792022792,0.9841269841269841,0.7725856697819314,0.6844444444444444,0.8083989501312336
-1.0712991587331795,0.7891934810712868,0.8319088319088319,0.5317460317460317,0.694300518134715,1.0,0.8840864440078585
1.108541157735583,0.7879188712522045,0.7891737891737892,0.9920634920634921,0.7716049382716049,0.6755555555555556,0.8042328042328042
1.104081117802898,0.7877247466492318,0.7891737891737892,0.9841269841269841,0.7701863354037267,0.68,0.8052631578947368
1.1111088305964973,0.7851458885941645,0.7863247863247863,0.9920634920634921,0.7692307692307693,0.6711111111111111,0.8010610079575596
1.1071597381454983,0.7849563377635459,0.7863247863247863,0.9841269841269841,0.7678018575851393,0.6755555555555556,0.8021108179419525
-1.0740711004611938,0.7849264705882353,0.8290598290598291,0.5238095238095238,0.6875,1.0,0.8823529411764706
1.1281836230911968,0.7823717530348518,0.7834757834757835,0.9920634920634921,0.7668711656441718,0.6666666666666666,0.7978723404255319
-1.08323319876426,0.7806272476716427,0.8262108262108262,0.5158730158730159,0.680628272251309,1.0,0.8806262230919765
1.1470033464463654,0.7795963302752293,0.7806267806267806,0.9920634920634921,0.764525993883792,0.6622222222222223,0.7946666666666666
1.1555237524831612,0.7768194861092996,0.7777777777777778,0.9920634920634921,0.7621951219512195,0.6577777777777778,0.7914438502673797
-1.0948212371956445,0.7762952302631578,0.8233618233618234,0.5079365079365079,0.6736842105263158,1.0,0.87890625
1.1620523218555803,0.774041086402047,0.7749287749287749,0.9920634920634921,0.7598784194528876,0.6533333333333333,0.7882037533512064
-1.1101097371148647,0.7719298245614035,0.8205128205128205,0.5,0.6666666666666666,1.0,0.8771929824561403
1.164345330584288,0.7712609970674487,0.7720797720797721,0.9920634920634921,0.7575757575757576,0.6488888888888888,0.7849462365591398
1.1680187977815235,0.7684790840465469,0.7692307692307693,0.9920634920634921,0.7552870090634441,0.6444444444444445,0.7816711590296496
-1.1267470966940993,0.7675304247040318,0.8176638176638177,0.49206349206349204,0.6595744680851063,1.0,0.8754863813229572
1.171846518671538,0.7656952132855748,0.7663817663817664,0.9920634920634921,0.7530120481927711,0.64,0.7783783783783784
-1.1367625699285404,0.7630964124396449,0.8148148148148148,0.48412698412698413,0.6524064171122995,1.0,0.8737864077669902
1.1729887582858378,0.7629092507141287,0.7635327635327636,0.9920634920634921,0.7507507507507507,0.6355555555555555,0.7750677506775068
1.174014682394591,0.7601210622233794,0.7606837606837606,0.9920634920634921,0.7485029940119761,0.6311111111111111,0.7717391304347826
-1.1450157867972974,0.7586271567891973,0.811965811965812,0.47619047619047616,0.6451612903225806,1.0,0.872093023255814
1.1793381787028765,0.7573305136443125,0.7578347578347578,0.9920634920634921,0.746268656716418,0.6266666666666667,0.7683923705722071
1.1843451643427605,0.7545374707259953,0.7549857549857549,0.9920634920634921,0.7440476190476191,0.6222222222222222,0.7650273224043715
-1.1509117327211205,0.7541220136964818,0.8091168091168092,0.46825396825396826,0.6378378378378379,1.0,0.8704061895551257
1.1854545952620064,0.7517417991138571,0.7521367521367521,0.9920634920634921,0.7418397626112759,0.6177777777777778,0.7616438356164383
-1.1580759162131629,0.7495803256672822,0.8062678062678063,0.4603174603174603,0.6304347826086957,1.0,0.8687258687258688
1.18839552986736,0.7489433643279797,0.7492877492877493,0.9920634920634921,0.7396449704142012,0.6133333333333333,0.7582417582417582
1.1925775712072408,0.746142031741388,0.7464387464387464,0.9920634920634921,0.7374631268436578,0.6088888888888889,0.7548209366391184
-1.1621118203585508,0.7450014213967593,0.8034188034188035,0.4523809523809524,0.6229508196721312,1.0,0.8670520231213873
1.1957565373038666,0.743337666558336,0.7435897435897436,0.9920634920634921,0.7352941176470589,0.6044444444444445,0.7513812154696132
1.198222335868684,0.7405301337925768,0.7407407407407407,0.9920634920634921,0.7331378299120235,0.6,0.7479224376731302
-1.1638891808965943,0.7403846153846154,0.8005698005698005,0.4444444444444444,0.6153846153846154,1.0,0.8653846153846154
1.2070102186546898,0.737719298245614,0.7378917378917379,0.9920634920634921,0.7309941520467836,0.5955555555555555,0.7444444444444445
-1.1850088459543406,0.7357292075375659,0.7977207977207977,0.4365079365079365,0.6077348066298343,1.0,0.8637236084452975
1.2201483494241399,0.7349050244849233,0.7350427350427351,0.9920634920634921,0.7288629737609329,0.5911111111111111,0.7409470752089137
1.2299253215434045,0.7320871768221384,0.7321937321937322,0.9920634920634921,0.7267441860465116,0.5866666666666667,0.7374301675977654
-1.212362161647222,0.7310344827586206,0.7948717948717948,0.42857142857142855,0.6,1.0,0.8620689655172413
1.2347033120560855,0.7292656192911947,0.7293447293447294,0.9920634920634921,0.7246376811594203,0.5822222222222222,0.7338935574229691
1.2367936890063462,0.7264402156264207,0.7264957264957265,0.9920634920634921,0.7225433526011561,0.5777777777777777,0.7303370786516854
-1.225760724899272,0.7262997105226615,0.792022792022792,0.42063492063492064,0.5921787709497207,1.0,0.8604206500956023
1.2404648500601734,0.7236108292405732,0.7236467236467237,0.9920634920634921,0.7204610951008645,0.5733333333333334,0.7267605633802817
-1.2331922843742482,0.7215241444377734,0.7891737891737892,0.4126984126984127,0.5842696629213483,1.0,0.8587786259541985
1.2438572355783275,0.7207773232028054,0.7207977207977208,0.9920634920634921,0.7183908045977011,0.5688888888888889,0.7231638418079096
1.2471966196578415,0.7179395602165637,0.717948717948718,0.9920634920634921,0.7163323782234957,0.5644444444444444,0.7195467422096318
-1.2370932350938078,0.7167070217917675,0.7863247863247863,0.40476190476190477,0.576271186440678,1.0,0.8571428571428571
1.2530957327233012,0.7150974025974026,0.7150997150997151,0.9920634920634921,0.7142857142857143,0.56,0.7159090909090909
1.261936682587959,0.7122507122507122,0.7122507122507122,0.9920634920634921,0.7122507122507122,0.5555555555555556,0.7122507122507122
-1.2427429020956446,0.7118475630833045,0.7834757834757835,0.3968253968253968,0.5681818181818182,1.0,0.8555133079847909
1.268262400933288,0.7093993506493506,0.7094017094017094,0.9920634920634921,0.7102272727272727,0.5511111111111111,0.7085714285714285
-1.2507526036095888,0.706944971537002,0.7806267806267806,0.3888888888888889,0.56,1.0,0.8538899430740038
1.2751363421857347,0.7065431788111723,0.7065527065527065,0.9920634920634921,0.7082152974504249,0.5466666666666666,0.7048710601719198
1.2865385425875333,0.7036820572764466,0.7037037037037037,0.9920634920634921,0.7062146892655368,0.5422222222222223,0.7011494252873564
-1.2557065204027462,0.7019984326018809,0.7777777777777778,0.38095238095238093,0.5517241379310345,1.0,0.8522727272727273
1.2945331417415302,0.7008158460851565,0.7008547008547008,0.9920634920634921,0.704225352112676,0.5377777777777778,0.6974063400576369
1.2970967437727232,0.697944404754173,0.698005698005698,0.9920634920634921,0.702247191011236,0.5333333333333333,0.6936416184971098
-1.2571173696939715,0.697007113432477,0.7749287749287749,0.373015873015873,0.5433526011560693,1.0,0.8506616257088847
1.3009776150553787,0.695067592254293,0.6951566951566952,0.9920634920634921,0.7002801120448179,0.5288888888888889,0.6898550724637681
1.3078835526454302,0.6921852669871378,0.6923076923076923,0.9920634920634921,0.6983240223463687,0.5244444444444445,0.686046511627907
-1.2596060003803053,0.6919701623519088,0.7720797720797721,0.36507936507936506,0.5348837209302325,1.0,0.8490566037735849
1.3141213889151289,0.6892972867618994,0.6894586894586895,0.9920634920634921,0.6963788300835655,0.52,0.6822157434402333
-1.2655771787233205,0.686886708296164,0.7692307692307693,0.35714285714285715,0.5263157894736842,1.0,0.847457627118644
1.3176482179697702,0.6864035087719298,0.6866096866096866,0.9920634920634921,0.6944444444444444,0.5155555555555555,0.6783625730994152
1.3216181171333004,0.6835037895711651,0.6837606837606838,0.9920634920634921,0.6925207756232687,0.5111111111111111,0.6744868035190615
-1.272808155610008,0.6817558602388324,0.7663817663817664,0.3492063492063492,0.5176470588235295,1.0,0.8458646616541353
1.3257955936767376,0.6805979850503737,0.6809116809116809,0.9920634920634921,0.6906077348066298,0.5066666666666667,0.6705882352941176
1.3278753032545811,0.6776859504132231,0.6780626780626781,0.9920634920634921,0.6887052341597796,0.5022222222222222,0.6666666666666666
-1.2758427248337796,0.6765767065954684,0.7635327635327636,0.3412698412698413,0.5088757396449705,1.0,0.8442776735459663
1.3300918012317853,0.6747675401521556,0.6752136752136753,0.9920634920634921,0.6868131868131868,0.49777777777777776,0.6627218934911243
1.3312199941544103,0.671842608024064,0.6723646723646723,0.9920634920634921,0.684931506849315,0.49333333333333335,0.658753709198813
-1.27907419496084,0.6713483146067416,0.7606837606837606,0.3333333333333333,0.5,1.0,0.8426966292134831
1.3321543478721063,0.6689110070257611,0.6695156695156695,0.9920634920634921,0.6830601092896175,0.4888888888888889,0.6547619047619048
-1.2881510957415676,0.6660697296994795,0.7578347578347578,0.3253968253968254,0.49101796407185627,1.0,0.8411214953271028
1.3327897470220336,0.6659725893692301,0.6666666666666666,0.9920634920634921,0.6811989100817438,0.48444444444444446,0.6507462686567164
1.3362939360881527,0.6630272064566519,0.6638176638176638,0.9920634920634921,0.6793478260869565,0.48,0.6467065868263473
-1.295294692180228,0.6607399748246718,0.7549857549857549,0.31746031746031744,0.4819277108433735,1.0,0.8395522388059702
1.340823879486401,0.6600747088551966,0.6609686609686609,0.9920634920634921,0.6775067750677507,0.47555555555555556,0.6426426426426426
1.3442382795265853,0.6571149462715727,0.6581196581196581,0.9920634920634921,0.6756756756756757,0.4711111111111111,0.6385542168674698
-1.3050211342852016,0.6553580497714576,0.7521367521367521,0.30952380952380953,0.4727272727272727,1.0,0.8379888268156425
1.3477451723954816,0.6541477675263231,0.6552706552706553,0.9920634920634921,0.6738544474393531,0.4666666666666667,0.6344410876132931
1.3517743951547176,0.6511730205278592,0.6524216524216524,0.9920634920634921,0.6720430107526881,0.4622222222222222,0.6303030303030303
-1.3159539616512967,0.6499229304560704,0.7492877492877493,0.30158730158730157,0.4634146341463415,1.0,0.8364312267657993
1.3547782553397831,0.648190552246225,0.6495726495726496,0.9920634920634921,0.6702412868632708,0.4577777777777778,0.6261398176291794
1.3551912706131457,0.6452002086865789,0.6467236467236467,0.9920634920634921,0.6684491978609626,0.4533333333333333,0.6219512195121951
-1.3193844531033392,0.6444335681846637,0.7464387464387464,0.29365079365079366,0.4539877300613497,1.0,0.8348794063079777
1.3555994907211726,0.6422018348623852,0.6438746438746439,0.9920634920634921,0.6666666666666666,0.4488888888888889,0.617737003058104
1.3565829725616838,0.639195274768307,0.6410256410256411,0.9920634920634921,0.6648936170212766,0.4444444444444444,0.6134969325153374
-1.322753096746942,0.6388888888888888,0.7435897435897436,0.2857142857142857,0.4444444444444444,1.0,0.8333333333333334
1.3673047996785357,0.6361803713527852,0.6381766381766382,0.9920634920634921,0.6631299734748011,0.44,0.6092307692307692
-1.3251277669967516,0.6332877923330387,0.7407407407407407,0.2777777777777778,0.43478260869565216,1.0,0.8317929759704251
1.3784735428953345,0.6331569664902998,0.6353276353276354,0.9920634920634921,0.6613756613756614,0.43555555555555553,0.6049382716049383
1.3835795864499532,0.630124900953299,0.6324786324786325,0.9920634920634921,0.6596306068601583,0.4311111111111111,0.6006191950464397
-1.3284457273010328,0.6276291512915129,0.7378917378917379,0.2698412698412698,0.425,1.0,0.8302583025830258
1.3929069149466113,0.6270840143837856,0.6296296296296297,0.9920634920634921,0.6578947368421053,0.4266666666666667,0.5962732919254659
1.4091227677708704,0.6267179319371727,0.6296296296296297,1.0,0.6596858638743456,0.4222222222222222,0.59375
1.403326130914217,0.6240341452645521,0.6267806267806267,0.9920634920634921,0.6561679790026247,0.4222222222222222,0.5919003115264797
1.409945091496268,0.6236525696325822,0.6267806267806267,1.0,0.6579634464751958,0.4177777777777778,0.5893416927899686
-1.3338922115268095,0.6219118106952987,0.7350427350427351,0.2619047619047619,0.41509433962264153,1.0,0.8287292817679558
1.4109063648047881,0.6205778301886793,0.6239316239316239,1.0,0.65625,0.41333333333333333,0.5849056603773585
1.4133884152067715,0.6174935474620018,0.6210826210826211,1.0,0.6545454545454545,0.4088888888888889,0.580441640378549
-1.3371891634493809,0.6161345867460908,0.7321937321937322,0.25396825396825395,0.4050632911392405,1.0,0.8272058823529411
1.4150227343993667,0.6143995540106251,0.6182336182336182,1.0,0.6528497409326425,0.40444444444444444,0.5759493670886076
1.4193649166839943,0.6112956810631229,0.6153846153846154,1.0,0.6511627906976745,0.4,0.5714285714285714
-1.3486060961695485,0.6102962659966108,0.7293447293447294,0.24603174603174602,0.39490445859872614,1.0,0.8256880733944955
1.4248823979114935,0.608181758487097,0.6125356125356125,1.0,0.6494845360824743,0.39555555555555555,0.5668789808917197
1.4360033264723209,0.6050576147572624,0.6096866096866097,1.0,0.6478149100257069,0.39111111111111113,0.5623003194888179
-1.3595702534022829,0.6043956043956044,0.7264957264957265,0.23809523809523808,0.38461538461538464,1.0,0.8241758241758241
1.4478650129152868,0.601923076923077,0.6068376068376068,1.0,0.6461538461538462,0.38666666666666666,0.5576923076923077
1.4501026492001727,0.5987779705758999,0.603988603988604,1.0,0.6445012787723785,0.38222222222222224,0.5530546623794212
-1.3605757769182114,0.598431326295925,0.7236467236467237,0.23015873015873015,0.3741935483870968,1.0,0.8226691042047533
1.4569453730839,0.5956221198156681,0.6011396011396012,1.0,0.6428571428571429,0.37777777777777777,0.5483870967741935
1.4660388539179874,0.5924553472170755,0.5982905982905983,1.0,0.6412213740458015,0.37333333333333335,0.5436893203883495
-1.3620269232846145,0.5924021234240213,0.7207977207977208,0.2222222222222222,0.36363636363636365,1.0,0.8211678832116789
1.4710309341555994,0.5892774737952403,0.5954415954415955,1.0,0.6395939086294417,0.3688888888888889,0.538961038961039
-1.3702657881693243,0.5863066538090647,0.717948717948718,0.21428571428571427,0.35294117647058826,1.0,0.819672131147541
1.475334721980388,0.586088318970849,0.5925925925925926,1.0,0.6379746835443038,0.36444444444444446,0.5342019543973942
1.477727933357788,0.5828877005347594,0.5897435897435898,1.0,0.6363636363636364,0.36,0.5294117647058824
-1.4002471146658588,0.5801435406698565,0.7150997150997151,0.20634920634920634,0.34210526315789475,1.0,0.8181818181818182
1.4783511675265621,0.5796754346120494,0.5868945868945868,1.0,0.6347607052896725,0.35555555555555557,0.5245901639344263
1.4797543268037563,0.5764513356254959,0.584045584045584,1.0,0.6331658291457286,0.3511111111111111,0.5197368421052632
-1.430480224936542,0.573911371257557,0.7122507122507122,0.1984126984126984,0.33112582781456956,1.0,0.8166969147005445
1.481710565212023,0.5732152162584679,0.5811965811965812,1.0,0.631578947368421,0.3466666666666667,0.5148514851485149
1.483013640102623,0.5699668874172186,0.5783475783475783,1.0,0.63,0.3422222222222222,0.5099337748344371
-1.4452454378904334,0.5676086956521739,0.7094017094017094,0.19047619047619047,0.32,1.0,0.8152173913043478
1.4848812401126845,0.5667061581925585,0.5754985754985755,1.0,0.628428927680798,0.3377777777777778,0.5049833887043189
1.48627894958643,0.5634328358208955,0.5726495726495726,1.0,0.6268656716417911,0.3333333333333333,0.5
-1.4531694716194448,0.5612340255106375,0.7065527065527065,0.18253968253968253,0.3087248322147651,1.0,0.8137432188065099
1.4875937552227456,0.5601467256446219,0.5698005698005698,1.0,0.6253101736972705,0.3288888888888889,0.49498327759197325
1.492208778407984,0.556847631071832,0.5669515669515669,1.0,0.6237623762376238,0.3244444444444444,0.4899328859060403
-1.4588172482239692,0.5547858327641721,0.7037037037037037,0.1746031746031746,0.2972972972972973,1.0,0.8122743682310469
1.4974385083826547,0.5535353535353535,0.5641025641025641,1.0,0.6222222222222222,0.32,0.48484848484848486
1.4998159144812835,0.5502096924510718,0.5612535612535613,1.0,0.6206896551724138,0.31555555555555553,0.4797297297297297
-1.4656782686591843,0.5482625482625483,0.7008547008547008,0.16666666666666666,0.2857142857142857,1.0,0.8108108108108109
1.501331910620431,0.54687044517553,0.5584045584045584,1.0,0.6191646191646192,0.3111111111111111,0.4745762711864407
1.5043713027024692,0.5435174069627852,0.5555555555555556,1.0,0.6176470588235294,0.30666666666666664,0.46938775510204084
-1.4679780068784696,0.5416625603626688,0.698005698005698,0.15873015873015872,0.273972602739726,1.0,0.8093525179856115
1.5073572258549746,0.5401503709205003,0.5527065527065527,1.0,0.6161369193154034,0.3022222222222222,0.4641638225255973
1.5094479390691686,0.5367691279652522,0.5498575498575499,1.0,0.6146341463414634,0.29777777777777775,0.4589041095890411
-1.4701745035206715,0.5349842134588002,0.6951566951566952,0.15079365079365079,0.2620689655172414,1.0,0.8078994614003591
1.514104814703807,0.5333734667770337,0.5470085470085471,1.0,0.6131386861313869,0.29333333333333333,0.4536082474226804
1.518104424766416,0.5299631737529293,0.5441595441595442,1.0,0.6116504854368932,0.28888888888888886,0.4482758620689655
-1.4769421167390386,0.5282258064516129,0.6923076923076923,0.14285714285714285,0.25,1.0,0.8064516129032258
1.521589803376266,0.5265380329599437,0.5413105413105413,1.0,0.6101694915254238,0.28444444444444444,0.4429065743944637
1.5262184167618755,0.5230978260869565,0.5384615384615384,1.0,0.6086956521739131,0.28,0.4375
-1.4828411119345675,0.5213855911530331,0.6894586894586895,0.1349206349206349,0.23776223776223776,1.0,0.8050089445438283
1.5289458661680266,0.5196423323957853,0.5356125356125356,1.0,0.6072289156626506,0.27555555555555555,0.43205574912891986
1.5335028019786738,0.5161713286713286,0.5327635327635327,1.0,0.6057692307692307,0.27111111111111114,0.42657342657342656
-1.4855086768361674,0.5144617706237424,0.6866096866096866,0.12698412698412698,0.22535211267605634,1.0,0.8035714285714286
1.537306383272734,0.5126845891707686,0.5299145299145299,1.0,0.60431654676259,0.26666666666666666,0.42105263157894735
1.5377739486054718,0.509181885571804,0.5270655270655271,1.0,0.6028708133971292,0.26222222222222225,0.4154929577464789
-1.493226362879357,0.5074524974399818,0.6837606837606838,0.11904761904761904,0.2127659574468085,1.0,0.8021390374331551
1.5399172253945825,0.5056629869198918,0.5242165242165242,1.0,0.6014319809069213,0.2577777777777778,0.4098939929328622
1.54176851863823,0.502127659574468,0.5213675213675214,1.0,0.6,0.25333333333333335,0.40425531914893614
-1.501044367696973,0.500355871886121,0.6809116809116809,0.1111111111111111,0.2,1.0,0.800711743772242
1.5424681940836633,0.4985756671541238,0.5185185185185185,1.0,0.5985748218527316,0.24888888888888888,0.398576512455516
1.5439791169074897,0.4950067704807041,0.5156695156695157,1.0,0.5971563981042654,0.24444444444444444,0.39285714285714285
-1.5040735391740008,0.49316994006925896,0.6780626780626781,0.10317460317460317,0.18705035971223022,1.0,0.7992895204262878
1.5468904894951567,0.4914207275223061,0.5128205128205128,1.0,0.5957446808510638,0.24,0.3870967741935484
1.5493209637028218,0.48781729333514323,0.50997150997151,1.0,0.5943396226415094,0.23555555555555555,0.381294964028777
-1.5198540027159375,0.4858926919518964,0.6752136752136753,0.09523809523809523,0.17391304347826086,1.0,0.7978723404255319
1.5496964176820764,0.48419622000424717,0.5071225071225072,1.0,0.5929411764705882,0.2311111111111111,0.37545126353790614
1.5500106396221591,0.4805572565829761,0.5042735042735043,1.0,0.5915492957746479,0.22666666666666666,0.3695652173913043
-1.5490327411235498,0.47852205929849495,0.6723646723646723,0.0873015873015873,0.16058394160583941,1.0,0.7964601769911505
1.5515769951319647,0.47690014903129657,0.5014245014245015,1.0,0.5901639344262295,0.2222222222222222,0.36363636363636365
1.5532228923421258,0.47322464015280713,0.4985754985754986,1.0,0.5887850467289719,0.21777777777777776,0.35766423357664234
-1.568079740548748,0.47105591353149034,0.6695156695156695,0.07936507936507936,0.14705882352941177,1.0,0.7950530035335689
1.5540784920523818,0.4695304695304695,0.49572649572649574,1.0,0.5874125874125874,0.21333333333333335,0.3516483516483517
1.5554581464426538,0.4658173734610123,0.4928774928774929,1.0,0.586046511627907,0.2088888888888889,0.34558823529411764
-1.585585580487582,0.46349206349206346,0.6666666666666666,0.07142857142857142,0.13333333333333333,1.0,0.7936507936507936
1.5606645325326773,0.46208508488797184,0.49002849002849,1.0,0.5846867749419954,0.20444444444444446,0.33948339483394835
1.5650288335494962,0.45833333333333337,0.48717948717948717,1.0,0.5833333333333334,0.2,0.3333333333333333
-1.6054969211873291,0.45582825310069375,0.6638176638176638,0.06349206349206349,0.11940298507462686,1.0,0.7922535211267606
1.5659046171368343,0.4545618448277342,0.4843304843304843,1.0,0.581986143187067,0.19555555555555557,0.3271375464684015
1.5680968438970908,0.4507703418391912,0.48148148148148145,1.0,0.5806451612903226,0.19111111111111112,0.3208955223880597
-1.637554062971316,0.448062158912219,0.6609686609686609,0.05555555555555555,0.10526315789473684,1.0,0.7908611599297012
1.569755650698808,0.44695854320031,0.47863247863247865,1.0,0.5793103448275863,0.18666666666666668,0.3146067415730337
1.5700331579149633,0.443126164033938,0.4757834757834758,1.0,0.5779816513761468,0.18222222222222223,0.3082706766917293
-1.6637270365268397,0.44019138755980863,0.6581196581196581,0.047619047619047616,0.09090909090909091,1.0,0.7894736842105263
1.5716508308579302,0.43927291567721605,0.47293447293447294,1.0,0.5766590389016019,0.17777777777777778,0.3018867924528302
1.5748791496731653,0.4353985056039851,0.4700854700854701,1.0,0.5753424657534246,0.17333333333333334,0.29545454545454547
-1.6648849142890996,0.43221347308191066,0.6552706552706553,0.03968253968253968,0.07633587786259542,1.0,0.7880910683012259
1.5778150446309613,0.4315026373455052,0.4672364672364672,1.0,0.5740318906605922,0.1688888888888889,0.2889733840304182
1.5822526233386673,0.4275850104094379,0.46438746438746437,1.0,0.5727272727272728,0.16444444444444445,0.2824427480916031
-1.674095388896803,0.4241258741258741,0.6524216524216524,0.031746031746031744,0.06153846153846154,1.0,0.7867132867132867
1.5858284089939134,0.4236453201970443,0.46153846153846156,1.0,0.5714285714285714,0.16,0.27586206896551724
1.5866258545640963,0.419683257918552,0.4586894586894587,1.0,0.5701357466063348,0.15555555555555556,0.2692307692307692
-1.6940938853218572,0.4159259710215512,0.6495726495726496,0.023809523809523808,0.046511627906976744,1.0,0.7853403141361257
1.5887278483991856,0.41569851050663686,0.45584045584045585,1.0,0.5688487584650113,0.1511111111111111,0.2625482625482625
1.590944112937278,0.4116907605279698,0.452991452991453,1.0,0.5675675675675675,0.14666666666666667,0.2558139534883721
1.5936269742409606,0.40765968609277314,0.45014245014245013,1.0,0.5662921348314607,0.14222222222222222,0.2490272373540856
-1.7135557900796379,0.40761106271777003,0.6467236467236467,0.015873015873015872,0.03125,1.0,0.7839721254355401
1.5968371578431673,0.4036049607623318,0.4472934472934473,1.0,0.5650224215246636,0.13777777777777778,0.2421875
1.600187541173915,0.39952625345440185,0.4444444444444444,1.0,0.5637583892617449,0.13333333333333333,0.23529411764705882
-1.7266211431132095,0.39917836357411846,0.6438746438746439,0.007936507936507936,0.015748031496062992,1.0,0.782608695652174
1.6026262103707032,0.3954232283464567,0.4415954415954416,1.0,0.5625,0.1288888888888889,0.2283464566929134
1.6030655405960863,0.3912955447767107,0.43874643874643876,1.0,0.5612472160356348,0.12444444444444444,0.22134387351778656
-1.7314839342998443,0.390625,0.6410256410256411,0.0,0.0,1.0,0.78125
1.6113498825071315,0.3871428571428572,0.4358974358974359,1.0,0.56,0.12,0.21428571428571427
1.622275938656348,0.38296481479845584,0.43304843304843305,1.0,0.5587583148558758,0.11555555555555555,0.20717131474103587
1.627016803976047,0.3787610619469026,0.4301994301994302,1.0,0.5575221238938053,0.1111111111111111,0.2
1.6299333158429565,0.37453123753291306,0.42735042735042733,1.0,0.5562913907284768,0.10666666666666667,0.1927710843373494
1.6351141112669283,0.370274975131448,0.42450142450142453,1.0,0.5550660792951542,0.10222222222222223,0.18548387096774194
1.642345098211979,0.3659919028340081,0.42165242165242167,1.0,0.5538461538461539,0.09777777777777778,0.17813765182186234
1.6501800126538235,0.36168164313222084,0.4188034188034188,1.0,0.5526315789473685,0.09333333333333334,0.17073170731707318
1.65558428226434,0.3573438127986424,0.41595441595441596,1.0,0.5514223194748359,0.08888888888888889,0.16326530612244897
1.6576218972362828,0.35297802276469326,0.4131054131054131,1.0,0.5502183406113537,0.08444444444444445,0.1557377049180328
1.660156433221974,0.3485838779956427,0.41025641025641024,1.0,0.5490196078431373,0.08,0.14814814814814814
1.6627189899214434,0.34416097736255835,0.4074074074074074,1.0,0.5478260869565217,0.07555555555555556,0.14049586776859505
1.6640221180873824,0.3397089135111295,0.4045584045584046,1.0,0.5466377440347071,0.07111111111111111,0.13278008298755187
1.6700803003464793,0.3352272727272727,0.4017094017094017,1.0,0.5454545454545454,0.06666666666666667,0.125
1.6763097729148304,0.33071563479942523,0.39886039886039887,1.0,0.5442764578833693,0.06222222222222222,0.11715481171548117
1.682250358311943,0.3261735728774269,0.396011396011396,1.0,0.5431034482758621,0.057777777777777775,0.1092436974789916
1.6888870584037243,0.32160065332788895,0.39316239316239315,1.0,0.5419354838709678,0.05333333333333334,0.10126582278481013
1.6939332852505995,0.31699643558594603,0.3903133903133903,1.0,0.5407725321888412,0.04888888888888889,0.09322033898305085
1.7005672546096682,0.3123604720032803,0.38746438746438744,1.0,0.5396145610278372,0.044444444444444446,0.0851063829787234
1.70522713913376,0.3076923076923077,0.38461538461538464,1.0,0.5384615384615384,0.04,0.07692307692307693
1.7078067851244014,0.30299148036640833,0.3817663817663818,1.0,0.5373134328358209,0.035555555555555556,0.06866952789699571
1.7083164193555187,0.29825752017608215,0.3789173789173789,1.0,0.5361702127659574,0.03111111111111111,0.0603448275862069
1.7102215710195834,0.29348994954090496,0.37606837606837606,1.0,0.535031847133758,0.02666666666666667,0.05194805194805195
1.7256387912889837,0.2886882829771555,0.3732193732193732,1.0,0.5338983050847458,0.022222222222222223,0.043478260869565216
1.7431931060713004,0.28385202692098194,0.37037037037037035,1.0,0.53276955602537,0.017777777777777778,0.034934497816593885
1.7654481616469053,0.27898067954696865,0.36752136752136755,1.0,0.5316455696202531,0.013333333333333334,0.02631578947368421
1.8345256759233481,0.27407373058196155,0.3646723646723647,1.0,0.5305263157894737,0.008888888888888889,0.01762114537444934
1.8868019590604024,0.26913066111400313,0.36182336182336183,1.0,0.5294117647058824,0.0044444444444444444,0.008849557522123894
1.8883079899301547,0.2641509433962264,0.358974358974359,1.0,0.5283018867924528,0.0,0.0
